benchmark,metric,arm,archive,rep,value,dit_exit
ditprobe,Const,A,baseline,1,224,
ditprobe,Perm,A,baseline,1,873,
ditprobe,DitBit,A,baseline,1,0,
ditprobe,CoreMHz,A,baseline,1,4601,
ditprobe,Const,C,baseline,1,875,
ditprobe,Perm,C,baseline,1,870,
ditprobe,DitBit,C,baseline,1,1,
ditprobe,CoreMHz,C,baseline,1,4601,
ditprobe,Const,P,hardened,1,221,
ditprobe,Perm,P,hardened,1,869,
ditprobe,DitBit,P,hardened,1,0,
ditprobe,CoreMHz,P,hardened,1,4599,
ditprobe,Const,F,func,1,222,
ditprobe,Perm,F,func,1,869,
ditprobe,DitBit,F,func,1,0,
ditprobe,CoreMHz,F,func,1,4600,
ditprobe,Const,X,fine,1,222,
ditprobe,Perm,X,fine,1,870,
ditprobe,DitBit,X,fine,1,0,
ditprobe,CoreMHz,X,fine,1,4599,
ditprobe,Const,N,narrow,1,220,
ditprobe,Perm,N,narrow,1,870,
ditprobe,DitBit,N,narrow,1,0,
ditprobe,CoreMHz,N,narrow,1,4596,
ditprobe,Const,C,baseline,2,874,
ditprobe,Perm,C,baseline,2,870,
ditprobe,DitBit,C,baseline,2,1,
ditprobe,CoreMHz,C,baseline,2,4599,
ditprobe,Const,P,hardened,2,223,
ditprobe,Perm,P,hardened,2,870,
ditprobe,DitBit,P,hardened,2,0,
ditprobe,CoreMHz,P,hardened,2,4601,
ditprobe,Const,F,func,2,222,
ditprobe,Perm,F,func,2,871,
ditprobe,DitBit,F,func,2,0,
ditprobe,CoreMHz,F,func,2,4601,
ditprobe,Const,X,fine,2,220,
ditprobe,Perm,X,fine,2,869,
ditprobe,DitBit,X,fine,2,0,
ditprobe,CoreMHz,X,fine,2,4602,
ditprobe,Const,N,narrow,2,223,
ditprobe,Perm,N,narrow,2,870,
ditprobe,DitBit,N,narrow,2,0,
ditprobe,CoreMHz,N,narrow,2,4601,
ditprobe,Const,A,baseline,2,223,
ditprobe,Perm,A,baseline,2,870,
ditprobe,DitBit,A,baseline,2,0,
ditprobe,CoreMHz,A,baseline,2,4601,
ditprobe,Const,P,hardened,3,222,
ditprobe,Perm,P,hardened,3,870,
ditprobe,DitBit,P,hardened,3,0,
ditprobe,CoreMHz,P,hardened,3,4599,
ditprobe,Const,F,func,3,223,
ditprobe,Perm,F,func,3,870,
ditprobe,DitBit,F,func,3,0,
ditprobe,CoreMHz,F,func,3,4602,
ditprobe,Const,X,fine,3,222,
ditprobe,Perm,X,fine,3,869,
ditprobe,DitBit,X,fine,3,0,
ditprobe,CoreMHz,X,fine,3,4600,
ditprobe,Const,N,narrow,3,224,
ditprobe,Perm,N,narrow,3,870,
ditprobe,DitBit,N,narrow,3,0,
ditprobe,CoreMHz,N,narrow,3,4601,
ditprobe,Const,A,baseline,3,224,
ditprobe,Perm,A,baseline,3,870,
ditprobe,DitBit,A,baseline,3,0,
ditprobe,CoreMHz,A,baseline,3,4601,
ditprobe,Const,C,baseline,3,874,
ditprobe,Perm,C,baseline,3,869,
ditprobe,DitBit,C,baseline,3,1,
ditprobe,CoreMHz,C,baseline,3,4596,
ditprobe,Const,F,func,4,222,
ditprobe,Perm,F,func,4,870,
ditprobe,DitBit,F,func,4,0,
ditprobe,CoreMHz,F,func,4,4603,
ditprobe,Const,X,fine,4,221,
ditprobe,Perm,X,fine,4,870,
ditprobe,DitBit,X,fine,4,0,
ditprobe,CoreMHz,X,fine,4,4601,
ditprobe,Const,N,narrow,4,222,
ditprobe,Perm,N,narrow,4,869,
ditprobe,DitBit,N,narrow,4,0,
ditprobe,CoreMHz,N,narrow,4,4601,
ditprobe,Const,A,baseline,4,222,
ditprobe,Perm,A,baseline,4,870,
ditprobe,DitBit,A,baseline,4,0,
ditprobe,CoreMHz,A,baseline,4,4602,
ditprobe,Const,C,baseline,4,873,
ditprobe,Perm,C,baseline,4,869,
ditprobe,DitBit,C,baseline,4,1,
ditprobe,CoreMHz,C,baseline,4,4602,
ditprobe,Const,P,hardened,4,223,
ditprobe,Perm,P,hardened,4,870,
ditprobe,DitBit,P,hardened,4,0,
ditprobe,CoreMHz,P,hardened,4,4600,
ditprobe,Const,X,fine,5,220,
ditprobe,Perm,X,fine,5,869,
ditprobe,DitBit,X,fine,5,0,
ditprobe,CoreMHz,X,fine,5,4594,
ditprobe,Const,N,narrow,5,221,
ditprobe,Perm,N,narrow,5,870,
ditprobe,DitBit,N,narrow,5,0,
ditprobe,CoreMHz,N,narrow,5,4600,
ditprobe,Const,A,baseline,5,222,
ditprobe,Perm,A,baseline,5,870,
ditprobe,DitBit,A,baseline,5,0,
ditprobe,CoreMHz,A,baseline,5,4601,
ditprobe,Const,C,baseline,5,874,
ditprobe,Perm,C,baseline,5,869,
ditprobe,DitBit,C,baseline,5,1,
ditprobe,CoreMHz,C,baseline,5,4599,
ditprobe,Const,P,hardened,5,222,
ditprobe,Perm,P,hardened,5,869,
ditprobe,DitBit,P,hardened,5,0,
ditprobe,CoreMHz,P,hardened,5,4600,
ditprobe,Const,F,func,5,224,
ditprobe,Perm,F,func,5,869,
ditprobe,DitBit,F,func,5,0,
ditprobe,CoreMHz,F,func,5,4577,
ditprobe,Const,N,narrow,6,222,
ditprobe,Perm,N,narrow,6,872,
ditprobe,DitBit,N,narrow,6,0,
ditprobe,CoreMHz,N,narrow,6,4603,
ditprobe,Const,A,baseline,6,222,
ditprobe,Perm,A,baseline,6,870,
ditprobe,DitBit,A,baseline,6,0,
ditprobe,CoreMHz,A,baseline,6,4601,
ditprobe,Const,C,baseline,6,874,
ditprobe,Perm,C,baseline,6,870,
ditprobe,DitBit,C,baseline,6,1,
ditprobe,CoreMHz,C,baseline,6,4598,
ditprobe,Const,P,hardened,6,222,
ditprobe,Perm,P,hardened,6,869,
ditprobe,DitBit,P,hardened,6,0,
ditprobe,CoreMHz,P,hardened,6,4599,
ditprobe,Const,F,func,6,223,
ditprobe,Perm,F,func,6,869,
ditprobe,DitBit,F,func,6,0,
ditprobe,CoreMHz,F,func,6,4602,
ditprobe,Const,X,fine,6,222,
ditprobe,Perm,X,fine,6,870,
ditprobe,DitBit,X,fine,6,0,
ditprobe,CoreMHz,X,fine,6,4601,
ditprobe,Const,A,baseline,7,223,
ditprobe,Perm,A,baseline,7,870,
ditprobe,DitBit,A,baseline,7,0,
ditprobe,CoreMHz,A,baseline,7,4600,
ditprobe,Const,C,baseline,7,872,
ditprobe,Perm,C,baseline,7,870,
ditprobe,DitBit,C,baseline,7,1,
ditprobe,CoreMHz,C,baseline,7,4598,
ditprobe,Const,P,hardened,7,223,
ditprobe,Perm,P,hardened,7,870,
ditprobe,DitBit,P,hardened,7,0,
ditprobe,CoreMHz,P,hardened,7,4598,
ditprobe,Const,F,func,7,223,
ditprobe,Perm,F,func,7,870,
ditprobe,DitBit,F,func,7,0,
ditprobe,CoreMHz,F,func,7,4602,
ditprobe,Const,X,fine,7,224,
ditprobe,Perm,X,fine,7,870,
ditprobe,DitBit,X,fine,7,0,
ditprobe,CoreMHz,X,fine,7,4598,
ditprobe,Const,N,narrow,7,223,
ditprobe,Perm,N,narrow,7,870,
ditprobe,DitBit,N,narrow,7,0,
ditprobe,CoreMHz,N,narrow,7,4603,
ditprobe,Const,C,baseline,8,873,
ditprobe,Perm,C,baseline,8,871,
ditprobe,DitBit,C,baseline,8,1,
ditprobe,CoreMHz,C,baseline,8,4598,
ditprobe,Const,P,hardened,8,222,
ditprobe,Perm,P,hardened,8,870,
ditprobe,DitBit,P,hardened,8,0,
ditprobe,CoreMHz,P,hardened,8,4598,
ditprobe,Const,F,func,8,222,
ditprobe,Perm,F,func,8,870,
ditprobe,DitBit,F,func,8,0,
ditprobe,CoreMHz,F,func,8,4600,
ditprobe,Const,X,fine,8,220,
ditprobe,Perm,X,fine,8,871,
ditprobe,DitBit,X,fine,8,0,
ditprobe,CoreMHz,X,fine,8,4603,
ditprobe,Const,N,narrow,8,221,
ditprobe,Perm,N,narrow,8,870,
ditprobe,DitBit,N,narrow,8,0,
ditprobe,CoreMHz,N,narrow,8,4597,
ditprobe,Const,A,baseline,8,222,
ditprobe,Perm,A,baseline,8,870,
ditprobe,DitBit,A,baseline,8,0,
ditprobe,CoreMHz,A,baseline,8,4599,
ditprobe,Const,P,hardened,9,223,
ditprobe,Perm,P,hardened,9,872,
ditprobe,DitBit,P,hardened,9,0,
ditprobe,CoreMHz,P,hardened,9,4597,
ditprobe,Const,F,func,9,222,
ditprobe,Perm,F,func,9,869,
ditprobe,DitBit,F,func,9,0,
ditprobe,CoreMHz,F,func,9,4602,
ditprobe,Const,X,fine,9,222,
ditprobe,Perm,X,fine,9,871,
ditprobe,DitBit,X,fine,9,0,
ditprobe,CoreMHz,X,fine,9,4595,
ditprobe,Const,N,narrow,9,220,
ditprobe,Perm,N,narrow,9,870,
ditprobe,DitBit,N,narrow,9,0,
ditprobe,CoreMHz,N,narrow,9,4600,
ditprobe,Const,A,baseline,9,220,
ditprobe,Perm,A,baseline,9,869,
ditprobe,DitBit,A,baseline,9,0,
ditprobe,CoreMHz,A,baseline,9,4602,
ditprobe,Const,C,baseline,9,872,
ditprobe,Perm,C,baseline,9,870,
ditprobe,DitBit,C,baseline,9,1,
ditprobe,CoreMHz,C,baseline,9,4598,
ditprobe,Const,F,func,10,222,
ditprobe,Perm,F,func,10,869,
ditprobe,DitBit,F,func,10,0,
ditprobe,CoreMHz,F,func,10,4599,
ditprobe,Const,X,fine,10,221,
ditprobe,Perm,X,fine,10,870,
ditprobe,DitBit,X,fine,10,0,
ditprobe,CoreMHz,X,fine,10,4602,
ditprobe,Const,N,narrow,10,223,
ditprobe,Perm,N,narrow,10,869,
ditprobe,DitBit,N,narrow,10,0,
ditprobe,CoreMHz,N,narrow,10,4602,
ditprobe,Const,A,baseline,10,223,
ditprobe,Perm,A,baseline,10,870,
ditprobe,DitBit,A,baseline,10,0,
ditprobe,CoreMHz,A,baseline,10,4599,
ditprobe,Const,C,baseline,10,873,
ditprobe,Perm,C,baseline,10,869,
ditprobe,DitBit,C,baseline,10,1,
ditprobe,CoreMHz,C,baseline,10,4598,
ditprobe,Const,P,hardened,10,221,
ditprobe,Perm,P,hardened,10,870,
ditprobe,DitBit,P,hardened,10,0,
ditprobe,CoreMHz,P,hardened,10,4602,
ditprobe,Const,X,fine,11,221,
ditprobe,Perm,X,fine,11,870,
ditprobe,DitBit,X,fine,11,0,
ditprobe,CoreMHz,X,fine,11,4600,
ditprobe,Const,N,narrow,11,222,
ditprobe,Perm,N,narrow,11,870,
ditprobe,DitBit,N,narrow,11,0,
ditprobe,CoreMHz,N,narrow,11,4603,
ditprobe,Const,A,baseline,11,222,
ditprobe,Perm,A,baseline,11,869,
ditprobe,DitBit,A,baseline,11,0,
ditprobe,CoreMHz,A,baseline,11,4601,
ditprobe,Const,C,baseline,11,873,
ditprobe,Perm,C,baseline,11,869,
ditprobe,DitBit,C,baseline,11,1,
ditprobe,CoreMHz,C,baseline,11,4600,
ditprobe,Const,P,hardened,11,224,
ditprobe,Perm,P,hardened,11,869,
ditprobe,DitBit,P,hardened,11,0,
ditprobe,CoreMHz,P,hardened,11,4602,
ditprobe,Const,F,func,11,222,
ditprobe,Perm,F,func,11,869,
ditprobe,DitBit,F,func,11,0,
ditprobe,CoreMHz,F,func,11,4599,
ditprobe,Const,N,narrow,12,223,
ditprobe,Perm,N,narrow,12,870,
ditprobe,DitBit,N,narrow,12,0,
ditprobe,CoreMHz,N,narrow,12,4599,
ditprobe,Const,A,baseline,12,223,
ditprobe,Perm,A,baseline,12,869,
ditprobe,DitBit,A,baseline,12,0,
ditprobe,CoreMHz,A,baseline,12,4601,
ditprobe,Const,C,baseline,12,873,
ditprobe,Perm,C,baseline,12,869,
ditprobe,DitBit,C,baseline,12,1,
ditprobe,CoreMHz,C,baseline,12,4596,
ditprobe,Const,P,hardened,12,223,
ditprobe,Perm,P,hardened,12,870,
ditprobe,DitBit,P,hardened,12,0,
ditprobe,CoreMHz,P,hardened,12,4598,
ditprobe,Const,F,func,12,221,
ditprobe,Perm,F,func,12,871,
ditprobe,DitBit,F,func,12,0,
ditprobe,CoreMHz,F,func,12,4602,
ditprobe,Const,X,fine,12,222,
ditprobe,Perm,X,fine,12,870,
ditprobe,DitBit,X,fine,12,0,
ditprobe,CoreMHz,X,fine,12,4597,
ditprobe,Const,A,baseline,13,222,
ditprobe,Perm,A,baseline,13,870,
ditprobe,DitBit,A,baseline,13,0,
ditprobe,CoreMHz,A,baseline,13,4599,
ditprobe,Const,C,baseline,13,873,
ditprobe,Perm,C,baseline,13,870,
ditprobe,DitBit,C,baseline,13,1,
ditprobe,CoreMHz,C,baseline,13,4599,
ditprobe,Const,P,hardened,13,221,
ditprobe,Perm,P,hardened,13,870,
ditprobe,DitBit,P,hardened,13,0,
ditprobe,CoreMHz,P,hardened,13,4594,
ditprobe,Const,F,func,13,222,
ditprobe,Perm,F,func,13,870,
ditprobe,DitBit,F,func,13,0,
ditprobe,CoreMHz,F,func,13,4601,
ditprobe,Const,X,fine,13,221,
ditprobe,Perm,X,fine,13,870,
ditprobe,DitBit,X,fine,13,0,
ditprobe,CoreMHz,X,fine,13,4600,
ditprobe,Const,N,narrow,13,223,
ditprobe,Perm,N,narrow,13,869,
ditprobe,DitBit,N,narrow,13,0,
ditprobe,CoreMHz,N,narrow,13,4597,
ditprobe,Const,C,baseline,14,873,
ditprobe,Perm,C,baseline,14,870,
ditprobe,DitBit,C,baseline,14,1,
ditprobe,CoreMHz,C,baseline,14,4600,
ditprobe,Const,P,hardened,14,221,
ditprobe,Perm,P,hardened,14,870,
ditprobe,DitBit,P,hardened,14,0,
ditprobe,CoreMHz,P,hardened,14,4598,
ditprobe,Const,F,func,14,222,
ditprobe,Perm,F,func,14,870,
ditprobe,DitBit,F,func,14,0,
ditprobe,CoreMHz,F,func,14,4600,
ditprobe,Const,X,fine,14,223,
ditprobe,Perm,X,fine,14,870,
ditprobe,DitBit,X,fine,14,0,
ditprobe,CoreMHz,X,fine,14,4601,
ditprobe,Const,N,narrow,14,222,
ditprobe,Perm,N,narrow,14,870,
ditprobe,DitBit,N,narrow,14,0,
ditprobe,CoreMHz,N,narrow,14,4599,
ditprobe,Const,A,baseline,14,222,
ditprobe,Perm,A,baseline,14,870,
ditprobe,DitBit,A,baseline,14,0,
ditprobe,CoreMHz,A,baseline,14,4599,
ditprobe,Const,P,hardened,15,222,
ditprobe,Perm,P,hardened,15,870,
ditprobe,DitBit,P,hardened,15,0,
ditprobe,CoreMHz,P,hardened,15,4600,
ditprobe,Const,F,func,15,222,
ditprobe,Perm,F,func,15,869,
ditprobe,DitBit,F,func,15,0,
ditprobe,CoreMHz,F,func,15,4602,
ditprobe,Const,X,fine,15,223,
ditprobe,Perm,X,fine,15,870,
ditprobe,DitBit,X,fine,15,0,
ditprobe,CoreMHz,X,fine,15,4598,
ditprobe,Const,N,narrow,15,221,
ditprobe,Perm,N,narrow,15,870,
ditprobe,DitBit,N,narrow,15,0,
ditprobe,CoreMHz,N,narrow,15,4602,
ditprobe,Const,A,baseline,15,222,
ditprobe,Perm,A,baseline,15,871,
ditprobe,DitBit,A,baseline,15,0,
ditprobe,CoreMHz,A,baseline,15,4601,
ditprobe,Const,C,baseline,15,873,
ditprobe,Perm,C,baseline,15,870,
ditprobe,DitBit,C,baseline,15,1,
ditprobe,CoreMHz,C,baseline,15,4601,
ditprobe,Const,F,func,16,222,
ditprobe,Perm,F,func,16,869,
ditprobe,DitBit,F,func,16,0,
ditprobe,CoreMHz,F,func,16,4601,
ditprobe,Const,X,fine,16,221,
ditprobe,Perm,X,fine,16,870,
ditprobe,DitBit,X,fine,16,0,
ditprobe,CoreMHz,X,fine,16,4600,
ditprobe,Const,N,narrow,16,223,
ditprobe,Perm,N,narrow,16,870,
ditprobe,DitBit,N,narrow,16,0,
ditprobe,CoreMHz,N,narrow,16,4602,
ditprobe,Const,A,baseline,16,222,
ditprobe,Perm,A,baseline,16,870,
ditprobe,DitBit,A,baseline,16,0,
ditprobe,CoreMHz,A,baseline,16,4598,
ditprobe,Const,C,baseline,16,873,
ditprobe,Perm,C,baseline,16,869,
ditprobe,DitBit,C,baseline,16,1,
ditprobe,CoreMHz,C,baseline,16,4600,
ditprobe,Const,P,hardened,16,224,
ditprobe,Perm,P,hardened,16,869,
ditprobe,DitBit,P,hardened,16,0,
ditprobe,CoreMHz,P,hardened,16,4602,
ditprobe,Const,X,fine,17,222,
ditprobe,Perm,X,fine,17,870,
ditprobe,DitBit,X,fine,17,0,
ditprobe,CoreMHz,X,fine,17,4599,
ditprobe,Const,N,narrow,17,222,
ditprobe,Perm,N,narrow,17,869,
ditprobe,DitBit,N,narrow,17,0,
ditprobe,CoreMHz,N,narrow,17,4595,
ditprobe,Const,A,baseline,17,223,
ditprobe,Perm,A,baseline,17,870,
ditprobe,DitBit,A,baseline,17,0,
ditprobe,CoreMHz,A,baseline,17,4600,
ditprobe,Const,C,baseline,17,873,
ditprobe,Perm,C,baseline,17,870,
ditprobe,DitBit,C,baseline,17,1,
ditprobe,CoreMHz,C,baseline,17,4601,
ditprobe,Const,P,hardened,17,223,
ditprobe,Perm,P,hardened,17,869,
ditprobe,DitBit,P,hardened,17,0,
ditprobe,CoreMHz,P,hardened,17,4599,
ditprobe,Const,F,func,17,222,
ditprobe,Perm,F,func,17,870,
ditprobe,DitBit,F,func,17,0,
ditprobe,CoreMHz,F,func,17,4602,
ditprobe,Const,N,narrow,18,221,
ditprobe,Perm,N,narrow,18,870,
ditprobe,DitBit,N,narrow,18,0,
ditprobe,CoreMHz,N,narrow,18,4600,
ditprobe,Const,A,baseline,18,221,
ditprobe,Perm,A,baseline,18,870,
ditprobe,DitBit,A,baseline,18,0,
ditprobe,CoreMHz,A,baseline,18,4601,
ditprobe,Const,C,baseline,18,874,
ditprobe,Perm,C,baseline,18,869,
ditprobe,DitBit,C,baseline,18,1,
ditprobe,CoreMHz,C,baseline,18,4596,
ditprobe,Const,P,hardened,18,223,
ditprobe,Perm,P,hardened,18,870,
ditprobe,DitBit,P,hardened,18,0,
ditprobe,CoreMHz,P,hardened,18,4602,
ditprobe,Const,F,func,18,223,
ditprobe,Perm,F,func,18,870,
ditprobe,DitBit,F,func,18,0,
ditprobe,CoreMHz,F,func,18,4602,
ditprobe,Const,X,fine,18,222,
ditprobe,Perm,X,fine,18,871,
ditprobe,DitBit,X,fine,18,0,
ditprobe,CoreMHz,X,fine,18,4599,
ditprobe,Const,A,baseline,19,222,
ditprobe,Perm,A,baseline,19,870,
ditprobe,DitBit,A,baseline,19,0,
ditprobe,CoreMHz,A,baseline,19,4602,
ditprobe,Const,C,baseline,19,873,
ditprobe,Perm,C,baseline,19,870,
ditprobe,DitBit,C,baseline,19,1,
ditprobe,CoreMHz,C,baseline,19,4599,
ditprobe,Const,P,hardened,19,223,
ditprobe,Perm,P,hardened,19,870,
ditprobe,DitBit,P,hardened,19,0,
ditprobe,CoreMHz,P,hardened,19,4601,
ditprobe,Const,F,func,19,222,
ditprobe,Perm,F,func,19,870,
ditprobe,DitBit,F,func,19,0,
ditprobe,CoreMHz,F,func,19,4600,
ditprobe,Const,X,fine,19,222,
ditprobe,Perm,X,fine,19,870,
ditprobe,DitBit,X,fine,19,0,
ditprobe,CoreMHz,X,fine,19,4600,
ditprobe,Const,N,narrow,19,220,
ditprobe,Perm,N,narrow,19,870,
ditprobe,DitBit,N,narrow,19,0,
ditprobe,CoreMHz,N,narrow,19,4599,
ditprobe,Const,C,baseline,20,874,
ditprobe,Perm,C,baseline,20,870,
ditprobe,DitBit,C,baseline,20,1,
ditprobe,CoreMHz,C,baseline,20,4596,
ditprobe,Const,P,hardened,20,222,
ditprobe,Perm,P,hardened,20,871,
ditprobe,DitBit,P,hardened,20,0,
ditprobe,CoreMHz,P,hardened,20,4598,
ditprobe,Const,F,func,20,222,
ditprobe,Perm,F,func,20,870,
ditprobe,DitBit,F,func,20,0,
ditprobe,CoreMHz,F,func,20,4602,
ditprobe,Const,X,fine,20,221,
ditprobe,Perm,X,fine,20,870,
ditprobe,DitBit,X,fine,20,0,
ditprobe,CoreMHz,X,fine,20,4601,
ditprobe,Const,N,narrow,20,221,
ditprobe,Perm,N,narrow,20,869,
ditprobe,DitBit,N,narrow,20,0,
ditprobe,CoreMHz,N,narrow,20,4599,
ditprobe,Const,A,baseline,20,222,
ditprobe,Perm,A,baseline,20,870,
ditprobe,DitBit,A,baseline,20,0,
ditprobe,CoreMHz,A,baseline,20,4600,
ditprobe,Const,P,hardened,21,222,
ditprobe,Perm,P,hardened,21,871,
ditprobe,DitBit,P,hardened,21,0,
ditprobe,CoreMHz,P,hardened,21,4602,
ditprobe,Const,F,func,21,222,
ditprobe,Perm,F,func,21,869,
ditprobe,DitBit,F,func,21,0,
ditprobe,CoreMHz,F,func,21,4599,
ditprobe,Const,X,fine,21,222,
ditprobe,Perm,X,fine,21,871,
ditprobe,DitBit,X,fine,21,0,
ditprobe,CoreMHz,X,fine,21,4602,
ditprobe,Const,N,narrow,21,221,
ditprobe,Perm,N,narrow,21,869,
ditprobe,DitBit,N,narrow,21,0,
ditprobe,CoreMHz,N,narrow,21,4601,
ditprobe,Const,A,baseline,21,224,
ditprobe,Perm,A,baseline,21,870,
ditprobe,DitBit,A,baseline,21,0,
ditprobe,CoreMHz,A,baseline,21,4601,
ditprobe,Const,C,baseline,21,873,
ditprobe,Perm,C,baseline,21,870,
ditprobe,DitBit,C,baseline,21,1,
ditprobe,CoreMHz,C,baseline,21,4596,
ditprobe,Const,F,func,22,224,
ditprobe,Perm,F,func,22,869,
ditprobe,DitBit,F,func,22,0,
ditprobe,CoreMHz,F,func,22,4596,
ditprobe,Const,X,fine,22,231,
ditprobe,Perm,X,fine,22,870,
ditprobe,DitBit,X,fine,22,0,
ditprobe,CoreMHz,X,fine,22,4600,
ditprobe,Const,N,narrow,22,222,
ditprobe,Perm,N,narrow,22,869,
ditprobe,DitBit,N,narrow,22,0,
ditprobe,CoreMHz,N,narrow,22,4601,
ditprobe,Const,A,baseline,22,222,
ditprobe,Perm,A,baseline,22,871,
ditprobe,DitBit,A,baseline,22,0,
ditprobe,CoreMHz,A,baseline,22,4601,
ditprobe,Const,C,baseline,22,874,
ditprobe,Perm,C,baseline,22,870,
ditprobe,DitBit,C,baseline,22,1,
ditprobe,CoreMHz,C,baseline,22,4598,
ditprobe,Const,P,hardened,22,222,
ditprobe,Perm,P,hardened,22,870,
ditprobe,DitBit,P,hardened,22,0,
ditprobe,CoreMHz,P,hardened,22,4599,
ditprobe,Const,X,fine,23,222,
ditprobe,Perm,X,fine,23,870,
ditprobe,DitBit,X,fine,23,0,
ditprobe,CoreMHz,X,fine,23,4599,
ditprobe,Const,N,narrow,23,222,
ditprobe,Perm,N,narrow,23,870,
ditprobe,DitBit,N,narrow,23,0,
ditprobe,CoreMHz,N,narrow,23,4598,
ditprobe,Const,A,baseline,23,221,
ditprobe,Perm,A,baseline,23,871,
ditprobe,DitBit,A,baseline,23,0,
ditprobe,CoreMHz,A,baseline,23,4601,
ditprobe,Const,C,baseline,23,873,
ditprobe,Perm,C,baseline,23,870,
ditprobe,DitBit,C,baseline,23,1,
ditprobe,CoreMHz,C,baseline,23,4577,
ditprobe,Const,P,hardened,23,222,
ditprobe,Perm,P,hardened,23,870,
ditprobe,DitBit,P,hardened,23,0,
ditprobe,CoreMHz,P,hardened,23,4600,
ditprobe,Const,F,func,23,222,
ditprobe,Perm,F,func,23,869,
ditprobe,DitBit,F,func,23,0,
ditprobe,CoreMHz,F,func,23,4602,
ditprobe,Const,N,narrow,24,222,
ditprobe,Perm,N,narrow,24,870,
ditprobe,DitBit,N,narrow,24,0,
ditprobe,CoreMHz,N,narrow,24,4598,
ditprobe,Const,A,baseline,24,221,
ditprobe,Perm,A,baseline,24,870,
ditprobe,DitBit,A,baseline,24,0,
ditprobe,CoreMHz,A,baseline,24,4602,
ditprobe,Const,C,baseline,24,877,
ditprobe,Perm,C,baseline,24,872,
ditprobe,DitBit,C,baseline,24,1,
ditprobe,CoreMHz,C,baseline,24,4597,
ditprobe,Const,P,hardened,24,223,
ditprobe,Perm,P,hardened,24,870,
ditprobe,DitBit,P,hardened,24,0,
ditprobe,CoreMHz,P,hardened,24,4599,
ditprobe,Const,F,func,24,223,
ditprobe,Perm,F,func,24,869,
ditprobe,DitBit,F,func,24,0,
ditprobe,CoreMHz,F,func,24,4602,
ditprobe,Const,X,fine,24,224,
ditprobe,Perm,X,fine,24,871,
ditprobe,DitBit,X,fine,24,0,
ditprobe,CoreMHz,X,fine,24,4599,
ditprobe,Const,A,baseline,25,221,
ditprobe,Perm,A,baseline,25,870,
ditprobe,DitBit,A,baseline,25,0,
ditprobe,CoreMHz,A,baseline,25,4597,
ditprobe,Const,C,baseline,25,874,
ditprobe,Perm,C,baseline,25,869,
ditprobe,DitBit,C,baseline,25,1,
ditprobe,CoreMHz,C,baseline,25,4601,
ditprobe,Const,P,hardened,25,223,
ditprobe,Perm,P,hardened,25,870,
ditprobe,DitBit,P,hardened,25,0,
ditprobe,CoreMHz,P,hardened,25,4602,
ditprobe,Const,F,func,25,221,
ditprobe,Perm,F,func,25,871,
ditprobe,DitBit,F,func,25,0,
ditprobe,CoreMHz,F,func,25,4601,
ditprobe,Const,X,fine,25,222,
ditprobe,Perm,X,fine,25,870,
ditprobe,DitBit,X,fine,25,0,
ditprobe,CoreMHz,X,fine,25,4600,
ditprobe,Const,N,narrow,25,222,
ditprobe,Perm,N,narrow,25,870,
ditprobe,DitBit,N,narrow,25,0,
ditprobe,CoreMHz,N,narrow,25,4597,
ed25519,Sign,A,baseline,1,9439,
ed25519,Verify,A,baseline,1,19438,
ed25519,Sign,C,baseline,1,9433,
ed25519,Verify,C,baseline,1,19643,
ed25519,Sign,P,hardened,1,10887,
ed25519,Verify,P,hardened,1,20237,
ed25519,Sign,F,func,1,10753,
ed25519,Verify,F,func,1,20443,
ed25519,Sign,X,fine,1,13908,
ed25519,Verify,X,fine,1,21655,
ed25519,Sign,N,narrow,1,10887,
ed25519,Verify,N,narrow,1,20213,
ed25519,Sign,C,baseline,2,9533,
ed25519,Verify,C,baseline,2,19813,
ed25519,Sign,P,hardened,2,10896,
ed25519,Verify,P,hardened,2,20317,
ed25519,Sign,F,func,2,10849,
ed25519,Verify,F,func,2,20372,
ed25519,Sign,X,fine,2,13996,
ed25519,Verify,X,fine,2,21800,
ed25519,Sign,N,narrow,2,10926,
ed25519,Verify,N,narrow,2,20198,
ed25519,Sign,A,baseline,2,9636,
ed25519,Verify,A,baseline,2,20130,
ed25519,Sign,P,hardened,3,11088,
ed25519,Verify,P,hardened,3,20762,
ed25519,Sign,F,func,3,10972,
ed25519,Verify,F,func,3,20593,
ed25519,Sign,X,fine,3,14069,
ed25519,Verify,X,fine,3,21729,
ed25519,Sign,N,narrow,3,11071,
ed25519,Verify,N,narrow,3,20552,
ed25519,Sign,A,baseline,3,9689,
ed25519,Verify,A,baseline,3,20077,
ed25519,Sign,C,baseline,3,9733,
ed25519,Verify,C,baseline,3,20189,
ed25519,Sign,F,func,4,11004,
ed25519,Verify,F,func,4,20770,
ed25519,Sign,X,fine,4,14172,
ed25519,Verify,X,fine,4,22054,
ed25519,Sign,N,narrow,4,10994,
ed25519,Verify,N,narrow,4,20509,
ed25519,Sign,A,baseline,4,9709,
ed25519,Verify,A,baseline,4,19993,
ed25519,Sign,C,baseline,4,9767,
ed25519,Verify,C,baseline,4,20199,
ed25519,Sign,P,hardened,4,11180,
ed25519,Verify,P,hardened,4,20783,
ed25519,Sign,X,fine,5,14078,
ed25519,Verify,X,fine,5,21744,
ed25519,Sign,N,narrow,5,11130,
ed25519,Verify,N,narrow,5,20590,
ed25519,Sign,A,baseline,5,9729,
ed25519,Verify,A,baseline,5,19926,
ed25519,Sign,C,baseline,5,9843,
ed25519,Verify,C,baseline,5,20311,
ed25519,Sign,P,hardened,5,11264,
ed25519,Verify,P,hardened,5,20972,
ed25519,Sign,F,func,5,11059,
ed25519,Verify,F,func,5,20812,
ed25519,Sign,N,narrow,6,11181,
ed25519,Verify,N,narrow,6,20802,
ed25519,Sign,A,baseline,6,9852,
ed25519,Verify,A,baseline,6,20272,
ed25519,Sign,C,baseline,6,9841,
ed25519,Verify,C,baseline,6,20419,
ed25519,Sign,P,hardened,6,11235,
ed25519,Verify,P,hardened,6,20932,
ed25519,Sign,F,func,6,11026,
ed25519,Verify,F,func,6,21060,
ed25519,Sign,X,fine,6,14282,
ed25519,Verify,X,fine,6,21949,
ed25519,Sign,A,baseline,7,9845,
ed25519,Verify,A,baseline,7,20375,
ed25519,Sign,C,baseline,7,9888,
ed25519,Verify,C,baseline,7,20529,
ed25519,Sign,P,hardened,7,11200,
ed25519,Verify,P,hardened,7,20726,
ed25519,Sign,F,func,7,11036,
ed25519,Verify,F,func,7,21103,
ed25519,Sign,X,fine,7,14208,
ed25519,Verify,X,fine,7,21985,
ed25519,Sign,N,narrow,7,11128,
ed25519,Verify,N,narrow,7,20644,
ed25519,Sign,C,baseline,8,9813,
ed25519,Verify,C,baseline,8,20520,
ed25519,Sign,P,hardened,8,11208,
ed25519,Verify,P,hardened,8,20697,
ed25519,Sign,F,func,8,11029,
ed25519,Verify,F,func,8,20713,
ed25519,Sign,X,fine,8,14220,
ed25519,Verify,X,fine,8,22306,
ed25519,Sign,N,narrow,8,11224,
ed25519,Verify,N,narrow,8,21071,
ed25519,Sign,A,baseline,8,9916,
ed25519,Verify,A,baseline,8,20384,
ed25519,Sign,P,hardened,9,11227,
ed25519,Verify,P,hardened,9,21028,
ed25519,Sign,F,func,9,11155,
ed25519,Verify,F,func,9,20954,
ed25519,Sign,X,fine,9,14285,
ed25519,Verify,X,fine,9,22200,
ed25519,Sign,N,narrow,9,11125,
ed25519,Verify,N,narrow,9,20401,
ed25519,Sign,A,baseline,9,9816,
ed25519,Verify,A,baseline,9,20298,
ed25519,Sign,C,baseline,9,9775,
ed25519,Verify,C,baseline,9,20480,
ed25519,Sign,F,func,10,11128,
ed25519,Verify,F,func,10,21230,
ed25519,Sign,X,fine,10,14354,
ed25519,Verify,X,fine,10,22585,
ed25519,Sign,N,narrow,10,11244,
ed25519,Verify,N,narrow,10,20972,
ed25519,Sign,A,baseline,10,9860,
ed25519,Verify,A,baseline,10,20673,
ed25519,Sign,C,baseline,10,9898,
ed25519,Verify,C,baseline,10,20690,
ed25519,Sign,P,hardened,10,11233,
ed25519,Verify,P,hardened,10,20853,
ed25519,Sign,X,fine,11,14577,
ed25519,Verify,X,fine,11,22596,
ed25519,Sign,N,narrow,11,11266,
ed25519,Verify,N,narrow,11,21068,
ed25519,Sign,A,baseline,11,9801,
ed25519,Verify,A,baseline,11,20256,
ed25519,Sign,C,baseline,11,9927,
ed25519,Verify,C,baseline,11,20547,
ed25519,Sign,P,hardened,11,11308,
ed25519,Verify,P,hardened,11,20938,
ed25519,Sign,F,func,11,11243,
ed25519,Verify,F,func,11,21442,
ed25519,Sign,N,narrow,12,11246,
ed25519,Verify,N,narrow,12,21043,
ed25519,Sign,A,baseline,12,9841,
ed25519,Verify,A,baseline,12,20474,
ed25519,Sign,C,baseline,12,9939,
ed25519,Verify,C,baseline,12,20441,
ed25519,Sign,P,hardened,12,11349,
ed25519,Verify,P,hardened,12,20753,
ed25519,Sign,F,func,12,11122,
ed25519,Verify,F,func,12,21201,
ed25519,Sign,X,fine,12,14192,
ed25519,Verify,X,fine,12,21919,
ed25519,Sign,A,baseline,13,9807,
ed25519,Verify,A,baseline,13,20317,
ed25519,Sign,C,baseline,13,9833,
ed25519,Verify,C,baseline,13,20538,
ed25519,Sign,P,hardened,13,11341,
ed25519,Verify,P,hardened,13,21010,
ed25519,Sign,F,func,13,11106,
ed25519,Verify,F,func,13,21168,
ed25519,Sign,X,fine,13,14347,
ed25519,Verify,X,fine,13,22204,
ed25519,Sign,N,narrow,13,11205,
ed25519,Verify,N,narrow,13,20687,
ed25519,Sign,C,baseline,14,9845,
ed25519,Verify,C,baseline,14,20568,
ed25519,Sign,P,hardened,14,11291,
ed25519,Verify,P,hardened,14,21034,
ed25519,Sign,F,func,14,11158,
ed25519,Verify,F,func,14,21226,
ed25519,Sign,X,fine,14,14375,
ed25519,Verify,X,fine,14,22212,
ed25519,Sign,N,narrow,14,11236,
ed25519,Verify,N,narrow,14,20979,
ed25519,Sign,A,baseline,14,9889,
ed25519,Verify,A,baseline,14,20512,
ed25519,Sign,P,hardened,15,11376,
ed25519,Verify,P,hardened,15,21274,
ed25519,Sign,F,func,15,11176,
ed25519,Verify,F,func,15,21211,
ed25519,Sign,X,fine,15,14332,
ed25519,Verify,X,fine,15,22143,
ed25519,Sign,N,narrow,15,11230,
ed25519,Verify,N,narrow,15,20901,
ed25519,Sign,A,baseline,15,9878,
ed25519,Verify,A,baseline,15,20435,
ed25519,Sign,C,baseline,15,9864,
ed25519,Verify,C,baseline,15,20183,
ed25519,Sign,F,func,16,11201,
ed25519,Verify,F,func,16,21287,
ed25519,Sign,X,fine,16,14414,
ed25519,Verify,X,fine,16,21985,
ed25519,Sign,N,narrow,16,11266,
ed25519,Verify,N,narrow,16,21129,
ed25519,Sign,A,baseline,16,9889,
ed25519,Verify,A,baseline,16,20549,
ed25519,Sign,C,baseline,16,9924,
ed25519,Verify,C,baseline,16,20482,
ed25519,Sign,P,hardened,16,11314,
ed25519,Verify,P,hardened,16,20995,
ed25519,Sign,X,fine,17,14503,
ed25519,Verify,X,fine,17,22366,
ed25519,Sign,N,narrow,17,11232,
ed25519,Verify,N,narrow,17,20860,
ed25519,Sign,A,baseline,17,9905,
ed25519,Verify,A,baseline,17,20528,
ed25519,Sign,C,baseline,17,9932,
ed25519,Verify,C,baseline,17,20454,
ed25519,Sign,P,hardened,17,11305,
ed25519,Verify,P,hardened,17,21030,
ed25519,Sign,F,func,17,11182,
ed25519,Verify,F,func,17,21382,
ed25519,Sign,N,narrow,18,11320,
ed25519,Verify,N,narrow,18,21037,
ed25519,Sign,A,baseline,18,9937,
ed25519,Verify,A,baseline,18,20557,
ed25519,Sign,C,baseline,18,9897,
ed25519,Verify,C,baseline,18,20495,
ed25519,Sign,P,hardened,18,11380,
ed25519,Verify,P,hardened,18,20906,
ed25519,Sign,F,func,18,11236,
ed25519,Verify,F,func,18,21314,
ed25519,Sign,X,fine,18,14461,
ed25519,Verify,X,fine,18,22388,
ed25519,Sign,A,baseline,19,9884,
ed25519,Verify,A,baseline,19,20502,
ed25519,Sign,C,baseline,19,9936,
ed25519,Verify,C,baseline,19,20536,
ed25519,Sign,P,hardened,19,11294,
ed25519,Verify,P,hardened,19,20867,
ed25519,Sign,F,func,19,11222,
ed25519,Verify,F,func,19,21141,
ed25519,Sign,X,fine,19,14368,
ed25519,Verify,X,fine,19,22200,
ed25519,Sign,N,narrow,19,11300,
ed25519,Verify,N,narrow,19,20770,
ed25519,Sign,C,baseline,20,9936,
ed25519,Verify,C,baseline,20,20769,
ed25519,Sign,P,hardened,20,11306,
ed25519,Verify,P,hardened,20,21169,
ed25519,Sign,F,func,20,11195,
ed25519,Verify,F,func,20,21250,
ed25519,Sign,X,fine,20,14472,
ed25519,Verify,X,fine,20,22348,
ed25519,Sign,N,narrow,20,11243,
ed25519,Verify,N,narrow,20,20988,
ed25519,Sign,A,baseline,20,10032,
ed25519,Verify,A,baseline,20,20860,
ed25519,Sign,P,hardened,21,11363,
ed25519,Verify,P,hardened,21,20969,
ed25519,Sign,F,func,21,11201,
ed25519,Verify,F,func,21,21202,
ed25519,Sign,X,fine,21,14489,
ed25519,Verify,X,fine,21,22339,
ed25519,Sign,N,narrow,21,11262,
ed25519,Verify,N,narrow,21,21255,
ed25519,Sign,A,baseline,21,9930,
ed25519,Verify,A,baseline,21,20382,
ed25519,Sign,C,baseline,21,9901,
ed25519,Verify,C,baseline,21,20673,
ed25519,Sign,F,func,22,11271,
ed25519,Verify,F,func,22,21373,
ed25519,Sign,X,fine,22,14578,
ed25519,Verify,X,fine,22,22707,
ed25519,Sign,N,narrow,22,11315,
ed25519,Verify,N,narrow,22,21085,
ed25519,Sign,A,baseline,22,9936,
ed25519,Verify,A,baseline,22,20809,
ed25519,Sign,C,baseline,22,9985,
ed25519,Verify,C,baseline,22,20462,
ed25519,Sign,P,hardened,22,11265,
ed25519,Verify,P,hardened,22,20975,
ed25519,Sign,X,fine,23,14407,
ed25519,Verify,X,fine,23,22406,
ed25519,Sign,N,narrow,23,11711,
ed25519,Verify,N,narrow,23,21713,
ed25519,Sign,A,baseline,23,10309,
ed25519,Verify,A,baseline,23,21386,
ed25519,Sign,C,baseline,23,10602,
ed25519,Verify,C,baseline,23,22296,
ed25519,Sign,P,hardened,23,11549,
ed25519,Verify,P,hardened,23,21317,
ed25519,Sign,F,func,23,11406,
ed25519,Verify,F,func,23,21691,
ed25519,Sign,N,narrow,24,11654,
ed25519,Verify,N,narrow,24,21608,
ed25519,Sign,A,baseline,24,10444,
ed25519,Verify,A,baseline,24,21693,
ed25519,Sign,C,baseline,24,11046,
ed25519,Verify,C,baseline,24,22943,
ed25519,Sign,P,hardened,24,12777,
ed25519,Verify,P,hardened,24,23733,
ed25519,Sign,F,func,24,12818,
ed25519,Verify,F,func,24,24227,
ed25519,Sign,X,fine,24,16639,
ed25519,Verify,X,fine,24,25711,
ed25519,Sign,A,baseline,25,11388,
ed25519,Verify,A,baseline,25,23596,
ed25519,Sign,C,baseline,25,11488,
ed25519,Verify,C,baseline,25,23979,
ed25519,Sign,P,hardened,25,13289,
ed25519,Verify,P,hardened,25,24802,
ed25519,Sign,F,func,25,13013,
ed25519,Verify,F,func,25,24808,
ed25519,Sign,X,fine,25,16795,
ed25519,Verify,X,fine,25,25706,
ed25519,Sign,N,narrow,25,13902,
ed25519,Verify,N,narrow,25,27081,
ed25519ph,Sign,A,baseline,1,11607,
ed25519ph,Verify,A,baseline,1,22853,
ed25519ph,Sign,C,baseline,1,11436,
ed25519ph,Verify,C,baseline,1,23408,
ed25519ph,Sign,P,hardened,1,12814,
ed25519ph,Verify,P,hardened,1,23999,
ed25519ph,Sign,F,func,1,12463,
ed25519ph,Verify,F,func,1,23989,
ed25519ph,Sign,X,fine,1,16122,
ed25519ph,Verify,X,fine,1,25388,
ed25519ph,Sign,N,narrow,1,11428,
ed25519ph,Verify,N,narrow,1,21465,
ed25519ph,Sign,C,baseline,2,10007,
ed25519ph,Verify,C,baseline,2,20874,
ed25519ph,Sign,P,hardened,2,11477,
ed25519ph,Verify,P,hardened,2,21487,
ed25519ph,Sign,F,func,2,11380,
ed25519ph,Verify,F,func,2,21942,
ed25519ph,Sign,X,fine,2,14783,
ed25519ph,Verify,X,fine,2,23174,
ed25519ph,Sign,N,narrow,2,11452,
ed25519ph,Verify,N,narrow,2,21450,
ed25519ph,Sign,A,baseline,2,9947,
ed25519ph,Verify,A,baseline,2,20909,
ed25519ph,Sign,P,hardened,3,11477,
ed25519ph,Verify,P,hardened,3,21409,
ed25519ph,Sign,F,func,3,11347,
ed25519ph,Verify,F,func,3,21618,
ed25519ph,Sign,X,fine,3,14766,
ed25519ph,Verify,X,fine,3,23073,
ed25519ph,Sign,N,narrow,3,11479,
ed25519ph,Verify,N,narrow,3,21699,
ed25519ph,Sign,A,baseline,3,9963,
ed25519ph,Verify,A,baseline,3,20667,
ed25519ph,Sign,C,baseline,3,9952,
ed25519ph,Verify,C,baseline,3,20763,
ed25519ph,Sign,F,func,4,11284,
ed25519ph,Verify,F,func,4,21359,
ed25519ph,Sign,X,fine,4,14609,
ed25519ph,Verify,X,fine,4,22493,
ed25519ph,Sign,N,narrow,4,11329,
ed25519ph,Verify,N,narrow,4,21386,
ed25519ph,Sign,A,baseline,4,10093,
ed25519ph,Verify,A,baseline,4,21138,
ed25519ph,Sign,C,baseline,4,9902,
ed25519ph,Verify,C,baseline,4,20812,
ed25519ph,Sign,P,hardened,4,11373,
ed25519ph,Verify,P,hardened,4,21249,
ed25519ph,Sign,X,fine,5,14513,
ed25519ph,Verify,X,fine,5,22599,
ed25519ph,Sign,N,narrow,5,11332,
ed25519ph,Verify,N,narrow,5,21404,
ed25519ph,Sign,A,baseline,5,9847,
ed25519ph,Verify,A,baseline,5,20685,
ed25519ph,Sign,C,baseline,5,9833,
ed25519ph,Verify,C,baseline,5,20726,
ed25519ph,Sign,P,hardened,5,11359,
ed25519ph,Verify,P,hardened,5,21422,
ed25519ph,Sign,F,func,5,11115,
ed25519ph,Verify,F,func,5,21229,
ed25519ph,Sign,N,narrow,6,11247,
ed25519ph,Verify,N,narrow,6,20793,
ed25519ph,Sign,A,baseline,6,9847,
ed25519ph,Verify,A,baseline,6,20754,
ed25519ph,Sign,C,baseline,6,9877,
ed25519ph,Verify,C,baseline,6,20493,
ed25519ph,Sign,P,hardened,6,11293,
ed25519ph,Verify,P,hardened,6,21185,
ed25519ph,Sign,F,func,6,11135,
ed25519ph,Verify,F,func,6,21413,
ed25519ph,Sign,X,fine,6,14372,
ed25519ph,Verify,X,fine,6,22277,
ed25519ph,Sign,A,baseline,7,9804,
ed25519ph,Verify,A,baseline,7,20383,
ed25519ph,Sign,C,baseline,7,9840,
ed25519ph,Verify,C,baseline,7,20328,
ed25519ph,Sign,P,hardened,7,11327,
ed25519ph,Verify,P,hardened,7,21062,
ed25519ph,Sign,F,func,7,11173,
ed25519ph,Verify,F,func,7,21282,
ed25519ph,Sign,X,fine,7,14530,
ed25519ph,Verify,X,fine,7,22723,
ed25519ph,Sign,N,narrow,7,11287,
ed25519ph,Verify,N,narrow,7,21171,
ed25519ph,Sign,C,baseline,8,9856,
ed25519ph,Verify,C,baseline,8,20699,
ed25519ph,Sign,P,hardened,8,11395,
ed25519ph,Verify,P,hardened,8,21186,
ed25519ph,Sign,F,func,8,11210,
ed25519ph,Verify,F,func,8,21427,
ed25519ph,Sign,X,fine,8,14510,
ed25519ph,Verify,X,fine,8,22573,
ed25519ph,Sign,N,narrow,8,11302,
ed25519ph,Verify,N,narrow,8,21195,
ed25519ph,Sign,A,baseline,8,9858,
ed25519ph,Verify,A,baseline,8,20551,
ed25519ph,Sign,P,hardened,9,11302,
ed25519ph,Verify,P,hardened,9,21188,
ed25519ph,Sign,F,func,9,11257,
ed25519ph,Verify,F,func,9,21146,
ed25519ph,Sign,X,fine,9,14466,
ed25519ph,Verify,X,fine,9,22432,
ed25519ph,Sign,N,narrow,9,11561,
ed25519ph,Verify,N,narrow,9,21599,
ed25519ph,Sign,A,baseline,9,9866,
ed25519ph,Verify,A,baseline,9,20924,
ed25519ph,Sign,C,baseline,9,9873,
ed25519ph,Verify,C,baseline,9,20645,
ed25519ph,Sign,F,func,10,11166,
ed25519ph,Verify,F,func,10,21329,
ed25519ph,Sign,X,fine,10,14501,
ed25519ph,Verify,X,fine,10,22385,
ed25519ph,Sign,N,narrow,10,11316,
ed25519ph,Verify,N,narrow,10,20952,
ed25519ph,Sign,A,baseline,10,9884,
ed25519ph,Verify,A,baseline,10,20398,
ed25519ph,Sign,C,baseline,10,9909,
ed25519ph,Verify,C,baseline,10,20611,
ed25519ph,Sign,P,hardened,10,11384,
ed25519ph,Verify,P,hardened,10,21331,
ed25519ph,Sign,X,fine,11,14541,
ed25519ph,Verify,X,fine,11,22717,
ed25519ph,Sign,N,narrow,11,11289,
ed25519ph,Verify,N,narrow,11,21052,
ed25519ph,Sign,A,baseline,11,9872,
ed25519ph,Verify,A,baseline,11,20658,
ed25519ph,Sign,C,baseline,11,9843,
ed25519ph,Verify,C,baseline,11,20753,
ed25519ph,Sign,P,hardened,11,11338,
ed25519ph,Verify,P,hardened,11,21325,
ed25519ph,Sign,F,func,11,11205,
ed25519ph,Verify,F,func,11,21307,
ed25519ph,Sign,N,narrow,12,11323,
ed25519ph,Verify,N,narrow,12,21317,
ed25519ph,Sign,A,baseline,12,9869,
ed25519ph,Verify,A,baseline,12,20664,
ed25519ph,Sign,C,baseline,12,9925,
ed25519ph,Verify,C,baseline,12,20546,
ed25519ph,Sign,P,hardened,12,11335,
ed25519ph,Verify,P,hardened,12,21481,
ed25519ph,Sign,F,func,12,11186,
ed25519ph,Verify,F,func,12,21416,
ed25519ph,Sign,X,fine,12,14537,
ed25519ph,Verify,X,fine,12,22554,
ed25519ph,Sign,A,baseline,13,9819,
ed25519ph,Verify,A,baseline,13,20709,
ed25519ph,Sign,C,baseline,13,9885,
ed25519ph,Verify,C,baseline,13,20652,
ed25519ph,Sign,P,hardened,13,11375,
ed25519ph,Verify,P,hardened,13,21441,
ed25519ph,Sign,F,func,13,11160,
ed25519ph,Verify,F,func,13,20945,
ed25519ph,Sign,X,fine,13,14545,
ed25519ph,Verify,X,fine,13,22821,
ed25519ph,Sign,N,narrow,13,11351,
ed25519ph,Verify,N,narrow,13,20768,
ed25519ph,Sign,C,baseline,14,9953,
ed25519ph,Verify,C,baseline,14,20676,
ed25519ph,Sign,P,hardened,14,11405,
ed25519ph,Verify,P,hardened,14,21374,
ed25519ph,Sign,F,func,14,11171,
ed25519ph,Verify,F,func,14,21332,
ed25519ph,Sign,X,fine,14,14457,
ed25519ph,Verify,X,fine,14,22470,
ed25519ph,Sign,N,narrow,14,11327,
ed25519ph,Verify,N,narrow,14,21350,
ed25519ph,Sign,A,baseline,14,9883,
ed25519ph,Verify,A,baseline,14,20775,
ed25519ph,Sign,P,hardened,15,11367,
ed25519ph,Verify,P,hardened,15,21139,
ed25519ph,Sign,F,func,15,11139,
ed25519ph,Verify,F,func,15,21325,
ed25519ph,Sign,X,fine,15,14473,
ed25519ph,Verify,X,fine,15,22695,
ed25519ph,Sign,N,narrow,15,11403,
ed25519ph,Verify,N,narrow,15,21197,
ed25519ph,Sign,A,baseline,15,9874,
ed25519ph,Verify,A,baseline,15,20865,
ed25519ph,Sign,C,baseline,15,9900,
ed25519ph,Verify,C,baseline,15,20932,
ed25519ph,Sign,F,func,16,11191,
ed25519ph,Verify,F,func,16,21555,
ed25519ph,Sign,X,fine,16,14602,
ed25519ph,Verify,X,fine,16,22752,
ed25519ph,Sign,N,narrow,16,11247,
ed25519ph,Verify,N,narrow,16,21210,
ed25519ph,Sign,A,baseline,16,9844,
ed25519ph,Verify,A,baseline,16,20914,
ed25519ph,Sign,C,baseline,16,9890,
ed25519ph,Verify,C,baseline,16,20922,
ed25519ph,Sign,P,hardened,16,11418,
ed25519ph,Verify,P,hardened,16,21307,
ed25519ph,Sign,X,fine,17,14463,
ed25519ph,Verify,X,fine,17,22541,
ed25519ph,Sign,N,narrow,17,11298,
ed25519ph,Verify,N,narrow,17,21274,
ed25519ph,Sign,A,baseline,17,9861,
ed25519ph,Verify,A,baseline,17,20848,
ed25519ph,Sign,C,baseline,17,9883,
ed25519ph,Verify,C,baseline,17,20686,
ed25519ph,Sign,P,hardened,17,11394,
ed25519ph,Verify,P,hardened,17,21470,
ed25519ph,Sign,F,func,17,11139,
ed25519ph,Verify,F,func,17,21318,
ed25519ph,Sign,N,narrow,18,11331,
ed25519ph,Verify,N,narrow,18,21290,
ed25519ph,Sign,A,baseline,18,9936,
ed25519ph,Verify,A,baseline,18,20718,
ed25519ph,Sign,C,baseline,18,9877,
ed25519ph,Verify,C,baseline,18,20559,
ed25519ph,Sign,P,hardened,18,11351,
ed25519ph,Verify,P,hardened,18,21313,
ed25519ph,Sign,F,func,18,11222,
ed25519ph,Verify,F,func,18,21264,
ed25519ph,Sign,X,fine,18,14505,
ed25519ph,Verify,X,fine,18,22673,
ed25519ph,Sign,A,baseline,19,9805,
ed25519ph,Verify,A,baseline,19,20202,
ed25519ph,Sign,C,baseline,19,9976,
ed25519ph,Verify,C,baseline,19,21049,
ed25519ph,Sign,P,hardened,19,11357,
ed25519ph,Verify,P,hardened,19,21386,
ed25519ph,Sign,F,func,19,11196,
ed25519ph,Verify,F,func,19,21375,
ed25519ph,Sign,X,fine,19,14493,
ed25519ph,Verify,X,fine,19,22725,
ed25519ph,Sign,N,narrow,19,11308,
ed25519ph,Verify,N,narrow,19,21263,
ed25519ph,Sign,C,baseline,20,9914,
ed25519ph,Verify,C,baseline,20,20802,
ed25519ph,Sign,P,hardened,20,11311,
ed25519ph,Verify,P,hardened,20,21238,
ed25519ph,Sign,F,func,20,11235,
ed25519ph,Verify,F,func,20,21341,
ed25519ph,Sign,X,fine,20,14727,
ed25519ph,Verify,X,fine,20,22840,
ed25519ph,Sign,N,narrow,20,11268,
ed25519ph,Verify,N,narrow,20,21358,
ed25519ph,Sign,A,baseline,20,9864,
ed25519ph,Verify,A,baseline,20,20789,
ed25519ph,Sign,P,hardened,21,11240,
ed25519ph,Verify,P,hardened,21,21128,
ed25519ph,Sign,F,func,21,11129,
ed25519ph,Verify,F,func,21,21297,
ed25519ph,Sign,X,fine,21,14486,
ed25519ph,Verify,X,fine,21,22690,
ed25519ph,Sign,N,narrow,21,11321,
ed25519ph,Verify,N,narrow,21,21017,
ed25519ph,Sign,A,baseline,21,9863,
ed25519ph,Verify,A,baseline,21,20680,
ed25519ph,Sign,C,baseline,21,9921,
ed25519ph,Verify,C,baseline,21,21076,
ed25519ph,Sign,F,func,22,11180,
ed25519ph,Verify,F,func,22,21240,
ed25519ph,Sign,X,fine,22,14423,
ed25519ph,Verify,X,fine,22,22186,
ed25519ph,Sign,N,narrow,22,11320,
ed25519ph,Verify,N,narrow,22,20874,
ed25519ph,Sign,A,baseline,22,9876,
ed25519ph,Verify,A,baseline,22,20746,
ed25519ph,Sign,C,baseline,22,9900,
ed25519ph,Verify,C,baseline,22,20777,
ed25519ph,Sign,P,hardened,22,11354,
ed25519ph,Verify,P,hardened,22,21394,
ed25519ph,Sign,X,fine,23,14461,
ed25519ph,Verify,X,fine,23,22520,
ed25519ph,Sign,N,narrow,23,11266,
ed25519ph,Verify,N,narrow,23,21149,
ed25519ph,Sign,A,baseline,23,9841,
ed25519ph,Verify,A,baseline,23,21000,
ed25519ph,Sign,C,baseline,23,9879,
ed25519ph,Verify,C,baseline,23,20591,
ed25519ph,Sign,P,hardened,23,11333,
ed25519ph,Verify,P,hardened,23,20973,
ed25519ph,Sign,F,func,23,11202,
ed25519ph,Verify,F,func,23,21402,
ed25519ph,Sign,N,narrow,24,11287,
ed25519ph,Verify,N,narrow,24,21081,
ed25519ph,Sign,A,baseline,24,9858,
ed25519ph,Verify,A,baseline,24,20576,
ed25519ph,Sign,C,baseline,24,9889,
ed25519ph,Verify,C,baseline,24,20718,
ed25519ph,Sign,P,hardened,24,11333,
ed25519ph,Verify,P,hardened,24,21215,
ed25519ph,Sign,F,func,24,11189,
ed25519ph,Verify,F,func,24,21224,
ed25519ph,Sign,X,fine,24,14488,
ed25519ph,Verify,X,fine,24,22409,
ed25519ph,Sign,A,baseline,25,9880,
ed25519ph,Verify,A,baseline,25,20641,
ed25519ph,Sign,C,baseline,25,9843,
ed25519ph,Verify,C,baseline,25,20716,
ed25519ph,Sign,P,hardened,25,11300,
ed25519ph,Verify,P,hardened,25,21230,
ed25519ph,Sign,F,func,25,11171,
ed25519ph,Verify,F,func,25,21441,
ed25519ph,Sign,X,fine,25,14358,
ed25519ph,Verify,X,fine,25,22214,
ed25519ph,Sign,N,narrow,25,11283,
ed25519ph,Verify,N,narrow,25,21364,
x25519,Key_Agreement,A,baseline,1,15989,
x25519,Key_Agreement,C,baseline,1,16149,
x25519,Key_Agreement,P,hardened,1,16140,
x25519,Key_Agreement,F,func,1,16036,
x25519,Key_Agreement,X,fine,1,16070,
x25519,Key_Agreement,N,narrow,1,15960,
x25519,Key_Agreement,C,baseline,2,16198,
x25519,Key_Agreement,P,hardened,2,15995,
x25519,Key_Agreement,F,func,2,16024,
x25519,Key_Agreement,X,fine,2,16047,
x25519,Key_Agreement,N,narrow,2,15993,
x25519,Key_Agreement,A,baseline,2,16002,
x25519,Key_Agreement,P,hardened,3,16068,
x25519,Key_Agreement,F,func,3,16045,
x25519,Key_Agreement,X,fine,3,16062,
x25519,Key_Agreement,N,narrow,3,16050,
x25519,Key_Agreement,A,baseline,3,15939,
x25519,Key_Agreement,C,baseline,3,16172,
x25519,Key_Agreement,F,func,4,16093,
x25519,Key_Agreement,X,fine,4,16047,
x25519,Key_Agreement,N,narrow,4,16017,
x25519,Key_Agreement,A,baseline,4,15949,
x25519,Key_Agreement,C,baseline,4,16146,
x25519,Key_Agreement,P,hardened,4,16052,
x25519,Key_Agreement,X,fine,5,16003,
x25519,Key_Agreement,N,narrow,5,16060,
x25519,Key_Agreement,A,baseline,5,16001,
x25519,Key_Agreement,C,baseline,5,16153,
x25519,Key_Agreement,P,hardened,5,16063,
x25519,Key_Agreement,F,func,5,16024,
x25519,Key_Agreement,N,narrow,6,16052,
x25519,Key_Agreement,A,baseline,6,15972,
x25519,Key_Agreement,C,baseline,6,16167,
x25519,Key_Agreement,P,hardened,6,16107,
x25519,Key_Agreement,F,func,6,16020,
x25519,Key_Agreement,X,fine,6,16098,
x25519,Key_Agreement,A,baseline,7,16029,
x25519,Key_Agreement,C,baseline,7,16174,
x25519,Key_Agreement,P,hardened,7,16119,
x25519,Key_Agreement,F,func,7,16134,
x25519,Key_Agreement,X,fine,7,16054,
x25519,Key_Agreement,N,narrow,7,16116,
x25519,Key_Agreement,C,baseline,8,16162,
x25519,Key_Agreement,P,hardened,8,16056,
x25519,Key_Agreement,F,func,8,16048,
x25519,Key_Agreement,X,fine,8,15987,
x25519,Key_Agreement,N,narrow,8,16132,
x25519,Key_Agreement,A,baseline,8,15999,
x25519,Key_Agreement,P,hardened,9,16058,
x25519,Key_Agreement,F,func,9,16092,
x25519,Key_Agreement,X,fine,9,16051,
x25519,Key_Agreement,N,narrow,9,16021,
x25519,Key_Agreement,A,baseline,9,15961,
x25519,Key_Agreement,C,baseline,9,16137,
x25519,Key_Agreement,F,func,10,16042,
x25519,Key_Agreement,X,fine,10,16059,
x25519,Key_Agreement,N,narrow,10,16113,
x25519,Key_Agreement,A,baseline,10,16005,
x25519,Key_Agreement,C,baseline,10,16187,
x25519,Key_Agreement,P,hardened,10,16073,
x25519,Key_Agreement,X,fine,11,16084,
x25519,Key_Agreement,N,narrow,11,15989,
x25519,Key_Agreement,A,baseline,11,16038,
x25519,Key_Agreement,C,baseline,11,16101,
x25519,Key_Agreement,P,hardened,11,16054,
x25519,Key_Agreement,F,func,11,16060,
x25519,Key_Agreement,N,narrow,12,16072,
x25519,Key_Agreement,A,baseline,12,16041,
x25519,Key_Agreement,C,baseline,12,16238,
x25519,Key_Agreement,P,hardened,12,16086,
x25519,Key_Agreement,F,func,12,16024,
x25519,Key_Agreement,X,fine,12,16065,
x25519,Key_Agreement,A,baseline,13,16051,
x25519,Key_Agreement,C,baseline,13,16152,
x25519,Key_Agreement,P,hardened,13,16166,
x25519,Key_Agreement,F,func,13,16035,
x25519,Key_Agreement,X,fine,13,16064,
x25519,Key_Agreement,N,narrow,13,16058,
x25519,Key_Agreement,C,baseline,14,16159,
x25519,Key_Agreement,P,hardened,14,16064,
x25519,Key_Agreement,F,func,14,16059,
x25519,Key_Agreement,X,fine,14,16035,
x25519,Key_Agreement,N,narrow,14,16083,
x25519,Key_Agreement,A,baseline,14,16029,
x25519,Key_Agreement,P,hardened,15,16064,
x25519,Key_Agreement,F,func,15,16065,
x25519,Key_Agreement,X,fine,15,16085,
x25519,Key_Agreement,N,narrow,15,16081,
x25519,Key_Agreement,A,baseline,15,16006,
x25519,Key_Agreement,C,baseline,15,16221,
x25519,Key_Agreement,F,func,16,16084,
x25519,Key_Agreement,X,fine,16,16063,
x25519,Key_Agreement,N,narrow,16,16123,
x25519,Key_Agreement,A,baseline,16,16024,
x25519,Key_Agreement,C,baseline,16,16145,
x25519,Key_Agreement,P,hardened,16,16131,
x25519,Key_Agreement,X,fine,17,16064,
x25519,Key_Agreement,N,narrow,17,16068,
x25519,Key_Agreement,A,baseline,17,16001,
x25519,Key_Agreement,C,baseline,17,16160,
x25519,Key_Agreement,P,hardened,17,16040,
x25519,Key_Agreement,F,func,17,16037,
x25519,Key_Agreement,N,narrow,18,16155,
x25519,Key_Agreement,A,baseline,18,16066,
x25519,Key_Agreement,C,baseline,18,16186,
x25519,Key_Agreement,P,hardened,18,16076,
x25519,Key_Agreement,F,func,18,16074,
x25519,Key_Agreement,X,fine,18,16105,
x25519,Key_Agreement,A,baseline,19,16014,
x25519,Key_Agreement,C,baseline,19,16224,
x25519,Key_Agreement,P,hardened,19,16099,
x25519,Key_Agreement,F,func,19,16041,
x25519,Key_Agreement,X,fine,19,16076,
x25519,Key_Agreement,N,narrow,19,16032,
x25519,Key_Agreement,C,baseline,20,16200,
x25519,Key_Agreement,P,hardened,20,16078,
x25519,Key_Agreement,F,func,20,16026,
x25519,Key_Agreement,X,fine,20,16054,
x25519,Key_Agreement,N,narrow,20,16080,
x25519,Key_Agreement,A,baseline,20,16017,
x25519,Key_Agreement,P,hardened,21,16099,
x25519,Key_Agreement,F,func,21,16067,
x25519,Key_Agreement,X,fine,21,16055,
x25519,Key_Agreement,N,narrow,21,16047,
x25519,Key_Agreement,A,baseline,21,15947,
x25519,Key_Agreement,C,baseline,21,16178,
x25519,Key_Agreement,F,func,22,16065,
x25519,Key_Agreement,X,fine,22,16057,
x25519,Key_Agreement,N,narrow,22,16103,
x25519,Key_Agreement,A,baseline,22,16020,
x25519,Key_Agreement,C,baseline,22,16351,
x25519,Key_Agreement,P,hardened,22,16093,
x25519,Key_Agreement,X,fine,23,16077,
x25519,Key_Agreement,N,narrow,23,16049,
x25519,Key_Agreement,A,baseline,23,15997,
x25519,Key_Agreement,C,baseline,23,16207,
x25519,Key_Agreement,P,hardened,23,16064,
x25519,Key_Agreement,F,func,23,16005,
x25519,Key_Agreement,N,narrow,24,16110,
x25519,Key_Agreement,A,baseline,24,16030,
x25519,Key_Agreement,C,baseline,24,16155,
x25519,Key_Agreement,P,hardened,24,16115,
x25519,Key_Agreement,F,func,24,16048,
x25519,Key_Agreement,X,fine,24,16018,
x25519,Key_Agreement,A,baseline,25,15980,
x25519,Key_Agreement,C,baseline,25,16219,
x25519,Key_Agreement,P,hardened,25,16116,
x25519,Key_Agreement,F,func,25,15981,
x25519,Key_Agreement,X,fine,25,16050,
x25519,Key_Agreement,N,narrow,25,16064,
aead_chacha20poly1305,Encrypt,A,baseline,1,1302,
aead_chacha20poly1305,Decrypt,A,baseline,1,1358,
aead_chacha20poly1305,Encrypt,C,baseline,1,1280,
aead_chacha20poly1305,Decrypt,C,baseline,1,1324,
aead_chacha20poly1305,Encrypt,P,hardened,1,1936,
aead_chacha20poly1305,Decrypt,P,hardened,1,1982,
aead_chacha20poly1305,Encrypt,F,func,1,1903,
aead_chacha20poly1305,Decrypt,F,func,1,1942,
aead_chacha20poly1305,Encrypt,X,fine,1,2146,
aead_chacha20poly1305,Decrypt,X,fine,1,2189,
aead_chacha20poly1305,Encrypt,N,narrow,1,2025,
aead_chacha20poly1305,Decrypt,N,narrow,1,2075,
aead_chacha20poly1305,Encrypt,C,baseline,2,1280,
aead_chacha20poly1305,Decrypt,C,baseline,2,1323,
aead_chacha20poly1305,Encrypt,P,hardened,2,1947,
aead_chacha20poly1305,Decrypt,P,hardened,2,1984,
aead_chacha20poly1305,Encrypt,F,func,2,1915,
aead_chacha20poly1305,Decrypt,F,func,2,1956,
aead_chacha20poly1305,Encrypt,X,fine,2,2143,
aead_chacha20poly1305,Decrypt,X,fine,2,2191,
aead_chacha20poly1305,Encrypt,N,narrow,2,2023,
aead_chacha20poly1305,Decrypt,N,narrow,2,2074,
aead_chacha20poly1305,Encrypt,A,baseline,2,1280,
aead_chacha20poly1305,Decrypt,A,baseline,2,1320,
aead_chacha20poly1305,Encrypt,P,hardened,3,1934,
aead_chacha20poly1305,Decrypt,P,hardened,3,1991,
aead_chacha20poly1305,Encrypt,F,func,3,1902,
aead_chacha20poly1305,Decrypt,F,func,3,1943,
aead_chacha20poly1305,Encrypt,X,fine,3,2150,
aead_chacha20poly1305,Decrypt,X,fine,3,2189,
aead_chacha20poly1305,Encrypt,N,narrow,3,2023,
aead_chacha20poly1305,Decrypt,N,narrow,3,2074,
aead_chacha20poly1305,Encrypt,A,baseline,3,1280,
aead_chacha20poly1305,Decrypt,A,baseline,3,1311,
aead_chacha20poly1305,Encrypt,C,baseline,3,1291,
aead_chacha20poly1305,Decrypt,C,baseline,3,1333,
aead_chacha20poly1305,Encrypt,F,func,4,1902,
aead_chacha20poly1305,Decrypt,F,func,4,1942,
aead_chacha20poly1305,Encrypt,X,fine,4,2143,
aead_chacha20poly1305,Decrypt,X,fine,4,2191,
aead_chacha20poly1305,Encrypt,N,narrow,4,2021,
aead_chacha20poly1305,Decrypt,N,narrow,4,2073,
aead_chacha20poly1305,Encrypt,A,baseline,4,1280,
aead_chacha20poly1305,Decrypt,A,baseline,4,1312,
aead_chacha20poly1305,Encrypt,C,baseline,4,1280,
aead_chacha20poly1305,Decrypt,C,baseline,4,1323,
aead_chacha20poly1305,Encrypt,P,hardened,4,1944,
aead_chacha20poly1305,Decrypt,P,hardened,4,1981,
aead_chacha20poly1305,Encrypt,X,fine,5,2144,
aead_chacha20poly1305,Decrypt,X,fine,5,2191,
aead_chacha20poly1305,Encrypt,N,narrow,5,2021,
aead_chacha20poly1305,Decrypt,N,narrow,5,2074,
aead_chacha20poly1305,Encrypt,A,baseline,5,1290,
aead_chacha20poly1305,Decrypt,A,baseline,5,1319,
aead_chacha20poly1305,Encrypt,C,baseline,5,1278,
aead_chacha20poly1305,Decrypt,C,baseline,5,1316,
aead_chacha20poly1305,Encrypt,P,hardened,5,1938,
aead_chacha20poly1305,Decrypt,P,hardened,5,1984,
aead_chacha20poly1305,Encrypt,F,func,5,1903,
aead_chacha20poly1305,Decrypt,F,func,5,1943,
aead_chacha20poly1305,Encrypt,N,narrow,6,2035,
aead_chacha20poly1305,Decrypt,N,narrow,6,2088,
aead_chacha20poly1305,Encrypt,A,baseline,6,1292,
aead_chacha20poly1305,Decrypt,A,baseline,6,1323,
aead_chacha20poly1305,Encrypt,C,baseline,6,1281,
aead_chacha20poly1305,Decrypt,C,baseline,6,1309,
aead_chacha20poly1305,Encrypt,P,hardened,6,1935,
aead_chacha20poly1305,Decrypt,P,hardened,6,1982,
aead_chacha20poly1305,Encrypt,F,func,6,1904,
aead_chacha20poly1305,Decrypt,F,func,6,1951,
aead_chacha20poly1305,Encrypt,X,fine,6,2155,
aead_chacha20poly1305,Decrypt,X,fine,6,2211,
aead_chacha20poly1305,Encrypt,A,baseline,7,1279,
aead_chacha20poly1305,Decrypt,A,baseline,7,1310,
aead_chacha20poly1305,Encrypt,C,baseline,7,1286,
aead_chacha20poly1305,Decrypt,C,baseline,7,1329,
aead_chacha20poly1305,Encrypt,P,hardened,7,1937,
aead_chacha20poly1305,Decrypt,P,hardened,7,1991,
aead_chacha20poly1305,Encrypt,F,func,7,1903,
aead_chacha20poly1305,Decrypt,F,func,7,1942,
aead_chacha20poly1305,Encrypt,X,fine,7,2149,
aead_chacha20poly1305,Decrypt,X,fine,7,2191,
aead_chacha20poly1305,Encrypt,N,narrow,7,2023,
aead_chacha20poly1305,Decrypt,N,narrow,7,2074,
aead_chacha20poly1305,Encrypt,C,baseline,8,1286,
aead_chacha20poly1305,Decrypt,C,baseline,8,1312,
aead_chacha20poly1305,Encrypt,P,hardened,8,1939,
aead_chacha20poly1305,Decrypt,P,hardened,8,1983,
aead_chacha20poly1305,Encrypt,F,func,8,1902,
aead_chacha20poly1305,Decrypt,F,func,8,1942,
aead_chacha20poly1305,Encrypt,X,fine,8,2143,
aead_chacha20poly1305,Decrypt,X,fine,8,2190,
aead_chacha20poly1305,Encrypt,N,narrow,8,2023,
aead_chacha20poly1305,Decrypt,N,narrow,8,2072,
aead_chacha20poly1305,Encrypt,A,baseline,8,1281,
aead_chacha20poly1305,Decrypt,A,baseline,8,1312,
aead_chacha20poly1305,Encrypt,P,hardened,9,1942,
aead_chacha20poly1305,Decrypt,P,hardened,9,1983,
aead_chacha20poly1305,Encrypt,F,func,9,1903,
aead_chacha20poly1305,Decrypt,F,func,9,1942,
aead_chacha20poly1305,Encrypt,X,fine,9,2143,
aead_chacha20poly1305,Decrypt,X,fine,9,2191,
aead_chacha20poly1305,Encrypt,N,narrow,9,2035,
aead_chacha20poly1305,Decrypt,N,narrow,9,2087,
aead_chacha20poly1305,Encrypt,A,baseline,9,1279,
aead_chacha20poly1305,Decrypt,A,baseline,9,1309,
aead_chacha20poly1305,Encrypt,C,baseline,9,1279,
aead_chacha20poly1305,Decrypt,C,baseline,9,1309,
aead_chacha20poly1305,Encrypt,F,func,10,1902,
aead_chacha20poly1305,Decrypt,F,func,10,1941,
aead_chacha20poly1305,Encrypt,X,fine,10,2204,
aead_chacha20poly1305,Decrypt,X,fine,10,2251,
aead_chacha20poly1305,Encrypt,N,narrow,10,2021,
aead_chacha20poly1305,Decrypt,N,narrow,10,2074,
aead_chacha20poly1305,Encrypt,A,baseline,10,1280,
aead_chacha20poly1305,Decrypt,A,baseline,10,1311,
aead_chacha20poly1305,Encrypt,C,baseline,10,1280,
aead_chacha20poly1305,Decrypt,C,baseline,10,1322,
aead_chacha20poly1305,Encrypt,P,hardened,10,1940,
aead_chacha20poly1305,Decrypt,P,hardened,10,1990,
aead_chacha20poly1305,Encrypt,X,fine,11,2142,
aead_chacha20poly1305,Decrypt,X,fine,11,2198,
aead_chacha20poly1305,Encrypt,N,narrow,11,2022,
aead_chacha20poly1305,Decrypt,N,narrow,11,2074,
aead_chacha20poly1305,Encrypt,A,baseline,11,1281,
aead_chacha20poly1305,Decrypt,A,baseline,11,1309,
aead_chacha20poly1305,Encrypt,C,baseline,11,1280,
aead_chacha20poly1305,Decrypt,C,baseline,11,1319,
aead_chacha20poly1305,Encrypt,P,hardened,11,1944,
aead_chacha20poly1305,Decrypt,P,hardened,11,1982,
aead_chacha20poly1305,Encrypt,F,func,11,1909,
aead_chacha20poly1305,Decrypt,F,func,11,1947,
aead_chacha20poly1305,Encrypt,N,narrow,12,2024,
aead_chacha20poly1305,Decrypt,N,narrow,12,2073,
aead_chacha20poly1305,Encrypt,A,baseline,12,1286,
aead_chacha20poly1305,Decrypt,A,baseline,12,1317,
aead_chacha20poly1305,Encrypt,C,baseline,12,1280,
aead_chacha20poly1305,Decrypt,C,baseline,12,1307,
aead_chacha20poly1305,Encrypt,P,hardened,12,1934,
aead_chacha20poly1305,Decrypt,P,hardened,12,1982,
aead_chacha20poly1305,Encrypt,F,func,12,1904,
aead_chacha20poly1305,Decrypt,F,func,12,1944,
aead_chacha20poly1305,Encrypt,X,fine,12,2143,
aead_chacha20poly1305,Decrypt,X,fine,12,2191,
aead_chacha20poly1305,Encrypt,A,baseline,13,1288,
aead_chacha20poly1305,Decrypt,A,baseline,13,1311,
aead_chacha20poly1305,Encrypt,C,baseline,13,1280,
aead_chacha20poly1305,Decrypt,C,baseline,13,1324,
aead_chacha20poly1305,Encrypt,P,hardened,13,1935,
aead_chacha20poly1305,Decrypt,P,hardened,13,1982,
aead_chacha20poly1305,Encrypt,F,func,13,1903,
aead_chacha20poly1305,Decrypt,F,func,13,1942,
aead_chacha20poly1305,Encrypt,X,fine,13,2143,
aead_chacha20poly1305,Decrypt,X,fine,13,2191,
aead_chacha20poly1305,Encrypt,N,narrow,13,2023,
aead_chacha20poly1305,Decrypt,N,narrow,13,2071,
aead_chacha20poly1305,Encrypt,C,baseline,14,1286,
aead_chacha20poly1305,Decrypt,C,baseline,14,1328,
aead_chacha20poly1305,Encrypt,P,hardened,14,2026,
aead_chacha20poly1305,Decrypt,P,hardened,14,2074,
aead_chacha20poly1305,Encrypt,F,func,14,1945,
aead_chacha20poly1305,Decrypt,F,func,14,1988,
aead_chacha20poly1305,Encrypt,X,fine,14,2187,
aead_chacha20poly1305,Decrypt,X,fine,14,2228,
aead_chacha20poly1305,Encrypt,N,narrow,14,2073,
aead_chacha20poly1305,Decrypt,N,narrow,14,2126,
aead_chacha20poly1305,Encrypt,A,baseline,14,1281,
aead_chacha20poly1305,Decrypt,A,baseline,14,1311,
aead_chacha20poly1305,Encrypt,P,hardened,15,1941,
aead_chacha20poly1305,Decrypt,P,hardened,15,1987,
aead_chacha20poly1305,Encrypt,F,func,15,1903,
aead_chacha20poly1305,Decrypt,F,func,15,1942,
aead_chacha20poly1305,Encrypt,X,fine,15,2143,
aead_chacha20poly1305,Decrypt,X,fine,15,2190,
aead_chacha20poly1305,Encrypt,N,narrow,15,2022,
aead_chacha20poly1305,Decrypt,N,narrow,15,2082,
aead_chacha20poly1305,Encrypt,A,baseline,15,1291,
aead_chacha20poly1305,Decrypt,A,baseline,15,1330,
aead_chacha20poly1305,Encrypt,C,baseline,15,1281,
aead_chacha20poly1305,Decrypt,C,baseline,15,1323,
aead_chacha20poly1305,Encrypt,F,func,16,1909,
aead_chacha20poly1305,Decrypt,F,func,16,1943,
aead_chacha20poly1305,Encrypt,X,fine,16,2144,
aead_chacha20poly1305,Decrypt,X,fine,16,2191,
aead_chacha20poly1305,Encrypt,N,narrow,16,2021,
aead_chacha20poly1305,Decrypt,N,narrow,16,2075,
aead_chacha20poly1305,Encrypt,A,baseline,16,1281,
aead_chacha20poly1305,Decrypt,A,baseline,16,1310,
aead_chacha20poly1305,Encrypt,C,baseline,16,1298,
aead_chacha20poly1305,Decrypt,C,baseline,16,1338,
aead_chacha20poly1305,Encrypt,P,hardened,16,1947,
aead_chacha20poly1305,Decrypt,P,hardened,16,1998,
aead_chacha20poly1305,Encrypt,X,fine,17,2142,
aead_chacha20poly1305,Decrypt,X,fine,17,2191,
aead_chacha20poly1305,Encrypt,N,narrow,17,2022,
aead_chacha20poly1305,Decrypt,N,narrow,17,2074,
aead_chacha20poly1305,Encrypt,A,baseline,17,1280,
aead_chacha20poly1305,Decrypt,A,baseline,17,1310,
aead_chacha20poly1305,Encrypt,C,baseline,17,1281,
aead_chacha20poly1305,Decrypt,C,baseline,17,1324,
aead_chacha20poly1305,Encrypt,P,hardened,17,1947,
aead_chacha20poly1305,Decrypt,P,hardened,17,1997,
aead_chacha20poly1305,Encrypt,F,func,17,1902,
aead_chacha20poly1305,Decrypt,F,func,17,1943,
aead_chacha20poly1305,Encrypt,N,narrow,18,2071,
aead_chacha20poly1305,Decrypt,N,narrow,18,2122,
aead_chacha20poly1305,Encrypt,A,baseline,18,1281,
aead_chacha20poly1305,Decrypt,A,baseline,18,1310,
aead_chacha20poly1305,Encrypt,C,baseline,18,1286,
aead_chacha20poly1305,Decrypt,C,baseline,18,1320,
aead_chacha20poly1305,Encrypt,P,hardened,18,1935,
aead_chacha20poly1305,Decrypt,P,hardened,18,1987,
aead_chacha20poly1305,Encrypt,F,func,18,1902,
aead_chacha20poly1305,Decrypt,F,func,18,1944,
aead_chacha20poly1305,Encrypt,X,fine,18,2143,
aead_chacha20poly1305,Decrypt,X,fine,18,2191,
aead_chacha20poly1305,Encrypt,A,baseline,19,1291,
aead_chacha20poly1305,Decrypt,A,baseline,19,1330,
aead_chacha20poly1305,Encrypt,C,baseline,19,1289,
aead_chacha20poly1305,Decrypt,C,baseline,19,1317,
aead_chacha20poly1305,Encrypt,P,hardened,19,1936,
aead_chacha20poly1305,Decrypt,P,hardened,19,1999,
aead_chacha20poly1305,Encrypt,F,func,19,1910,
aead_chacha20poly1305,Decrypt,F,func,19,1946,
aead_chacha20poly1305,Encrypt,X,fine,19,2144,
aead_chacha20poly1305,Decrypt,X,fine,19,2191,
aead_chacha20poly1305,Encrypt,N,narrow,19,2023,
aead_chacha20poly1305,Decrypt,N,narrow,19,2074,
aead_chacha20poly1305,Encrypt,C,baseline,20,1284,
aead_chacha20poly1305,Decrypt,C,baseline,20,1311,
aead_chacha20poly1305,Encrypt,P,hardened,20,1935,
aead_chacha20poly1305,Decrypt,P,hardened,20,1982,
aead_chacha20poly1305,Encrypt,F,func,20,1911,
aead_chacha20poly1305,Decrypt,F,func,20,1943,
aead_chacha20poly1305,Encrypt,X,fine,20,2150,
aead_chacha20poly1305,Decrypt,X,fine,20,2190,
aead_chacha20poly1305,Encrypt,N,narrow,20,2022,
aead_chacha20poly1305,Decrypt,N,narrow,20,2075,
aead_chacha20poly1305,Encrypt,A,baseline,20,1286,
aead_chacha20poly1305,Decrypt,A,baseline,20,1318,
aead_chacha20poly1305,Encrypt,P,hardened,21,1936,
aead_chacha20poly1305,Decrypt,P,hardened,21,1983,
aead_chacha20poly1305,Encrypt,F,func,21,1911,
aead_chacha20poly1305,Decrypt,F,func,21,1943,
aead_chacha20poly1305,Encrypt,X,fine,21,2148,
aead_chacha20poly1305,Decrypt,X,fine,21,2191,
aead_chacha20poly1305,Encrypt,N,narrow,21,2023,
aead_chacha20poly1305,Decrypt,N,narrow,21,2074,
aead_chacha20poly1305,Encrypt,A,baseline,21,1290,
aead_chacha20poly1305,Decrypt,A,baseline,21,1334,
aead_chacha20poly1305,Encrypt,C,baseline,21,1284,
aead_chacha20poly1305,Decrypt,C,baseline,21,1313,
aead_chacha20poly1305,Encrypt,F,func,22,1912,
aead_chacha20poly1305,Decrypt,F,func,22,1942,
aead_chacha20poly1305,Encrypt,X,fine,22,2160,
aead_chacha20poly1305,Decrypt,X,fine,22,2208,
aead_chacha20poly1305,Encrypt,N,narrow,22,2021,
aead_chacha20poly1305,Decrypt,N,narrow,22,2074,
aead_chacha20poly1305,Encrypt,A,baseline,22,1280,
aead_chacha20poly1305,Decrypt,A,baseline,22,1311,
aead_chacha20poly1305,Encrypt,C,baseline,22,1293,
aead_chacha20poly1305,Decrypt,C,baseline,22,1336,
aead_chacha20poly1305,Encrypt,P,hardened,22,1940,
aead_chacha20poly1305,Decrypt,P,hardened,22,1984,
aead_chacha20poly1305,Encrypt,X,fine,23,2153,
aead_chacha20poly1305,Decrypt,X,fine,23,2205,
aead_chacha20poly1305,Encrypt,N,narrow,23,2023,
aead_chacha20poly1305,Decrypt,N,narrow,23,2074,
aead_chacha20poly1305,Encrypt,A,baseline,23,1283,
aead_chacha20poly1305,Decrypt,A,baseline,23,1309,
aead_chacha20poly1305,Encrypt,C,baseline,23,1286,
aead_chacha20poly1305,Decrypt,C,baseline,23,1329,
aead_chacha20poly1305,Encrypt,P,hardened,23,1935,
aead_chacha20poly1305,Decrypt,P,hardened,23,1982,
aead_chacha20poly1305,Encrypt,F,func,23,1912,
aead_chacha20poly1305,Decrypt,F,func,23,1943,
aead_chacha20poly1305,Encrypt,N,narrow,24,2023,
aead_chacha20poly1305,Decrypt,N,narrow,24,2072,
aead_chacha20poly1305,Encrypt,A,baseline,24,1280,
aead_chacha20poly1305,Decrypt,A,baseline,24,1310,
aead_chacha20poly1305,Encrypt,C,baseline,24,1298,
aead_chacha20poly1305,Decrypt,C,baseline,24,1309,
aead_chacha20poly1305,Encrypt,P,hardened,24,1944,
aead_chacha20poly1305,Decrypt,P,hardened,24,1983,
aead_chacha20poly1305,Encrypt,F,func,24,1903,
aead_chacha20poly1305,Decrypt,F,func,24,1947,
aead_chacha20poly1305,Encrypt,X,fine,24,2144,
aead_chacha20poly1305,Decrypt,X,fine,24,2190,
aead_chacha20poly1305,Encrypt,A,baseline,25,1280,
aead_chacha20poly1305,Decrypt,A,baseline,25,1312,
aead_chacha20poly1305,Encrypt,C,baseline,25,1278,
aead_chacha20poly1305,Decrypt,C,baseline,25,1310,
aead_chacha20poly1305,Encrypt,P,hardened,25,1935,
aead_chacha20poly1305,Decrypt,P,hardened,25,1984,
aead_chacha20poly1305,Encrypt,F,func,25,1902,
aead_chacha20poly1305,Decrypt,F,func,25,1946,
aead_chacha20poly1305,Encrypt,X,fine,25,2161,
aead_chacha20poly1305,Decrypt,X,fine,25,2191,
aead_chacha20poly1305,Encrypt,N,narrow,25,2026,
aead_chacha20poly1305,Decrypt,N,narrow,25,2074,
salsa20,Encrypt,A,baseline,1,911,
salsa20,Decrypt,A,baseline,1,908,
salsa20,Encrypt,C,baseline,1,912,
salsa20,Decrypt,C,baseline,1,913,
salsa20,Encrypt,P,hardened,1,992,
salsa20,Decrypt,P,hardened,1,990,
salsa20,Encrypt,F,func,1,982,
salsa20,Decrypt,F,func,1,975,
salsa20,Encrypt,X,fine,1,996,
salsa20,Decrypt,X,fine,1,991,
salsa20,Encrypt,N,narrow,1,996,
salsa20,Decrypt,N,narrow,1,991,
salsa20,Encrypt,C,baseline,2,911,
salsa20,Decrypt,C,baseline,2,912,
salsa20,Encrypt,P,hardened,2,992,
salsa20,Decrypt,P,hardened,2,992,
salsa20,Encrypt,F,func,2,979,
salsa20,Decrypt,F,func,2,972,
salsa20,Encrypt,X,fine,2,1000,
salsa20,Decrypt,X,fine,2,991,
salsa20,Encrypt,N,narrow,2,993,
salsa20,Decrypt,N,narrow,2,991,
salsa20,Encrypt,A,baseline,2,908,
salsa20,Decrypt,A,baseline,2,907,
salsa20,Encrypt,P,hardened,3,997,
salsa20,Decrypt,P,hardened,3,996,
salsa20,Encrypt,F,func,3,976,
salsa20,Decrypt,F,func,3,972,
salsa20,Encrypt,X,fine,3,992,
salsa20,Decrypt,X,fine,3,991,
salsa20,Encrypt,N,narrow,3,992,
salsa20,Decrypt,N,narrow,3,991,
salsa20,Encrypt,A,baseline,3,907,
salsa20,Decrypt,A,baseline,3,907,
salsa20,Encrypt,C,baseline,3,912,
salsa20,Decrypt,C,baseline,3,917,
salsa20,Encrypt,F,func,4,979,
salsa20,Decrypt,F,func,4,978,
salsa20,Encrypt,X,fine,4,1003,
salsa20,Decrypt,X,fine,4,991,
salsa20,Encrypt,N,narrow,4,992,
salsa20,Decrypt,N,narrow,4,993,
salsa20,Encrypt,A,baseline,4,907,
salsa20,Decrypt,A,baseline,4,907,
salsa20,Encrypt,C,baseline,4,923,
salsa20,Decrypt,C,baseline,4,925,
salsa20,Encrypt,P,hardened,4,992,
salsa20,Decrypt,P,hardened,4,991,
salsa20,Encrypt,X,fine,5,997,
salsa20,Decrypt,X,fine,5,995,
salsa20,Encrypt,N,narrow,5,996,
salsa20,Decrypt,N,narrow,5,995,
salsa20,Encrypt,A,baseline,5,907,
salsa20,Decrypt,A,baseline,5,908,
salsa20,Encrypt,C,baseline,5,911,
salsa20,Decrypt,C,baseline,5,912,
salsa20,Encrypt,P,hardened,5,997,
salsa20,Decrypt,P,hardened,5,995,
salsa20,Encrypt,F,func,5,975,
salsa20,Decrypt,F,func,5,974,
salsa20,Encrypt,N,narrow,6,993,
salsa20,Decrypt,N,narrow,6,990,
salsa20,Encrypt,A,baseline,6,917,
salsa20,Decrypt,A,baseline,6,912,
salsa20,Encrypt,C,baseline,6,912,
salsa20,Decrypt,C,baseline,6,912,
salsa20,Encrypt,P,hardened,6,993,
salsa20,Decrypt,P,hardened,6,990,
salsa20,Encrypt,F,func,6,985,
salsa20,Decrypt,F,func,6,972,
salsa20,Encrypt,X,fine,6,993,
salsa20,Decrypt,X,fine,6,991,
salsa20,Encrypt,A,baseline,7,909,
salsa20,Decrypt,A,baseline,7,908,
salsa20,Encrypt,C,baseline,7,913,
salsa20,Decrypt,C,baseline,7,912,
salsa20,Encrypt,P,hardened,7,992,
salsa20,Decrypt,P,hardened,7,992,
salsa20,Encrypt,F,func,7,979,
salsa20,Decrypt,F,func,7,978,
salsa20,Encrypt,X,fine,7,1000,
salsa20,Decrypt,X,fine,7,993,
salsa20,Encrypt,N,narrow,7,1001,
salsa20,Decrypt,N,narrow,7,996,
salsa20,Encrypt,C,baseline,8,916,
salsa20,Decrypt,C,baseline,8,915,
salsa20,Encrypt,P,hardened,8,997,
salsa20,Decrypt,P,hardened,8,995,
salsa20,Encrypt,F,func,8,974,
salsa20,Decrypt,F,func,8,972,
salsa20,Encrypt,X,fine,8,991,
salsa20,Decrypt,X,fine,8,991,
salsa20,Encrypt,N,narrow,8,993,
salsa20,Decrypt,N,narrow,8,992,
salsa20,Encrypt,A,baseline,8,912,
salsa20,Decrypt,A,baseline,8,911,
salsa20,Encrypt,P,hardened,9,993,
salsa20,Decrypt,P,hardened,9,993,
salsa20,Encrypt,F,func,9,982,
salsa20,Decrypt,F,func,9,975,
salsa20,Encrypt,X,fine,9,992,
salsa20,Decrypt,X,fine,9,991,
salsa20,Encrypt,N,narrow,9,1000,
salsa20,Decrypt,N,narrow,9,990,
salsa20,Encrypt,A,baseline,9,906,
salsa20,Decrypt,A,baseline,9,907,
salsa20,Encrypt,C,baseline,9,917,
salsa20,Decrypt,C,baseline,9,913,
salsa20,Encrypt,F,func,10,999,
salsa20,Decrypt,F,func,10,998,
salsa20,Encrypt,X,fine,10,993,
salsa20,Decrypt,X,fine,10,989,
salsa20,Encrypt,N,narrow,10,992,
salsa20,Decrypt,N,narrow,10,990,
salsa20,Encrypt,A,baseline,10,906,
salsa20,Decrypt,A,baseline,10,907,
salsa20,Encrypt,C,baseline,10,916,
salsa20,Decrypt,C,baseline,10,912,
salsa20,Encrypt,P,hardened,10,992,
salsa20,Decrypt,P,hardened,10,991,
salsa20,Encrypt,X,fine,11,993,
salsa20,Decrypt,X,fine,11,991,
salsa20,Encrypt,N,narrow,11,997,
salsa20,Decrypt,N,narrow,11,996,
salsa20,Encrypt,A,baseline,11,907,
salsa20,Decrypt,A,baseline,11,907,
salsa20,Encrypt,C,baseline,11,910,
salsa20,Decrypt,C,baseline,11,913,
salsa20,Encrypt,P,hardened,11,1001,
salsa20,Decrypt,P,hardened,11,990,
salsa20,Encrypt,F,func,11,979,
salsa20,Decrypt,F,func,11,977,
salsa20,Encrypt,N,narrow,12,992,
salsa20,Decrypt,N,narrow,12,999,
salsa20,Encrypt,A,baseline,12,909,
salsa20,Decrypt,A,baseline,12,908,
salsa20,Encrypt,C,baseline,12,910,
salsa20,Decrypt,C,baseline,12,913,
salsa20,Encrypt,P,hardened,12,992,
salsa20,Decrypt,P,hardened,12,992,
salsa20,Encrypt,F,func,12,974,
salsa20,Decrypt,F,func,12,979,
salsa20,Encrypt,X,fine,12,994,
salsa20,Decrypt,X,fine,12,998,
salsa20,Encrypt,A,baseline,13,906,
salsa20,Decrypt,A,baseline,13,908,
salsa20,Encrypt,C,baseline,13,912,
salsa20,Decrypt,C,baseline,13,920,
salsa20,Encrypt,P,hardened,13,993,
salsa20,Decrypt,P,hardened,13,991,
salsa20,Encrypt,F,func,13,974,
salsa20,Decrypt,F,func,13,973,
salsa20,Encrypt,X,fine,13,1006,
salsa20,Decrypt,X,fine,13,999,
salsa20,Encrypt,N,narrow,13,993,
salsa20,Decrypt,N,narrow,13,992,
salsa20,Encrypt,C,baseline,14,914,
salsa20,Decrypt,C,baseline,14,913,
salsa20,Encrypt,P,hardened,14,993,
salsa20,Decrypt,P,hardened,14,991,
salsa20,Encrypt,F,func,14,976,
salsa20,Decrypt,F,func,14,973,
salsa20,Encrypt,X,fine,14,993,
salsa20,Decrypt,X,fine,14,992,
salsa20,Encrypt,N,narrow,14,997,
salsa20,Decrypt,N,narrow,14,992,
salsa20,Encrypt,A,baseline,14,906,
salsa20,Decrypt,A,baseline,14,906,
salsa20,Encrypt,P,hardened,15,993,
salsa20,Decrypt,P,hardened,15,990,
salsa20,Encrypt,F,func,15,982,
salsa20,Decrypt,F,func,15,973,
salsa20,Encrypt,X,fine,15,993,
salsa20,Decrypt,X,fine,15,992,
salsa20,Encrypt,N,narrow,15,993,
salsa20,Decrypt,N,narrow,15,991,
salsa20,Encrypt,A,baseline,15,907,
salsa20,Decrypt,A,baseline,15,909,
salsa20,Encrypt,C,baseline,15,915,
salsa20,Decrypt,C,baseline,15,912,
salsa20,Encrypt,F,func,16,973,
salsa20,Decrypt,F,func,16,980,
salsa20,Encrypt,X,fine,16,992,
salsa20,Decrypt,X,fine,16,992,
salsa20,Encrypt,N,narrow,16,1000,
salsa20,Decrypt,N,narrow,16,992,
salsa20,Encrypt,A,baseline,16,917,
salsa20,Decrypt,A,baseline,16,908,
salsa20,Encrypt,C,baseline,16,925,
salsa20,Decrypt,C,baseline,16,923,
salsa20,Encrypt,P,hardened,16,994,
salsa20,Decrypt,P,hardened,16,991,
salsa20,Encrypt,X,fine,17,992,
salsa20,Decrypt,X,fine,17,990,
salsa20,Encrypt,N,narrow,17,993,
salsa20,Decrypt,N,narrow,17,990,
salsa20,Encrypt,A,baseline,17,907,
salsa20,Decrypt,A,baseline,17,908,
salsa20,Encrypt,C,baseline,17,917,
salsa20,Decrypt,C,baseline,17,918,
salsa20,Encrypt,P,hardened,17,992,
salsa20,Decrypt,P,hardened,17,993,
salsa20,Encrypt,F,func,17,974,
salsa20,Decrypt,F,func,17,981,
salsa20,Encrypt,N,narrow,18,997,
salsa20,Decrypt,N,narrow,18,990,
salsa20,Encrypt,A,baseline,18,913,
salsa20,Decrypt,A,baseline,18,913,
salsa20,Encrypt,C,baseline,18,912,
salsa20,Decrypt,C,baseline,18,912,
salsa20,Encrypt,P,hardened,18,1002,
salsa20,Decrypt,P,hardened,18,996,
salsa20,Encrypt,F,func,18,981,
salsa20,Decrypt,F,func,18,975,
salsa20,Encrypt,X,fine,18,992,
salsa20,Decrypt,X,fine,18,991,
salsa20,Encrypt,A,baseline,19,908,
salsa20,Decrypt,A,baseline,19,906,
salsa20,Encrypt,C,baseline,19,911,
salsa20,Decrypt,C,baseline,19,920,
salsa20,Encrypt,P,hardened,19,992,
salsa20,Decrypt,P,hardened,19,991,
salsa20,Encrypt,F,func,19,974,
salsa20,Decrypt,F,func,19,974,
salsa20,Encrypt,X,fine,19,997,
salsa20,Decrypt,X,fine,19,1004,
salsa20,Encrypt,N,narrow,19,1002,
salsa20,Decrypt,N,narrow,19,991,
salsa20,Encrypt,C,baseline,20,912,
salsa20,Decrypt,C,baseline,20,912,
salsa20,Encrypt,P,hardened,20,999,
salsa20,Decrypt,P,hardened,20,999,
salsa20,Encrypt,F,func,20,974,
salsa20,Decrypt,F,func,20,973,
salsa20,Encrypt,X,fine,20,997,
salsa20,Decrypt,X,fine,20,994,
salsa20,Encrypt,N,narrow,20,1002,
salsa20,Decrypt,N,narrow,20,995,
salsa20,Encrypt,A,baseline,20,907,
salsa20,Decrypt,A,baseline,20,908,
salsa20,Encrypt,P,hardened,21,994,
salsa20,Decrypt,P,hardened,21,992,
salsa20,Encrypt,F,func,21,978,
salsa20,Decrypt,F,func,21,974,
salsa20,Encrypt,X,fine,21,999,
salsa20,Decrypt,X,fine,21,996,
salsa20,Encrypt,N,narrow,21,1002,
salsa20,Decrypt,N,narrow,21,999,
salsa20,Encrypt,A,baseline,21,916,
salsa20,Decrypt,A,baseline,21,917,
salsa20,Encrypt,C,baseline,21,911,
salsa20,Decrypt,C,baseline,21,911,
salsa20,Encrypt,F,func,22,975,
salsa20,Decrypt,F,func,22,974,
salsa20,Encrypt,X,fine,22,991,
salsa20,Decrypt,X,fine,22,989,
salsa20,Encrypt,N,narrow,22,992,
salsa20,Decrypt,N,narrow,22,991,
salsa20,Encrypt,A,baseline,22,908,
salsa20,Decrypt,A,baseline,22,913,
salsa20,Encrypt,C,baseline,22,913,
salsa20,Decrypt,C,baseline,22,915,
salsa20,Encrypt,P,hardened,22,994,
salsa20,Decrypt,P,hardened,22,991,
salsa20,Encrypt,X,fine,23,991,
salsa20,Decrypt,X,fine,23,991,
salsa20,Encrypt,N,narrow,23,991,
salsa20,Decrypt,N,narrow,23,995,
salsa20,Encrypt,A,baseline,23,911,
salsa20,Decrypt,A,baseline,23,912,
salsa20,Encrypt,C,baseline,23,911,
salsa20,Decrypt,C,baseline,23,912,
salsa20,Encrypt,P,hardened,23,993,
salsa20,Decrypt,P,hardened,23,999,
salsa20,Encrypt,F,func,23,975,
salsa20,Decrypt,F,func,23,973,
salsa20,Encrypt,N,narrow,24,997,
salsa20,Decrypt,N,narrow,24,991,
salsa20,Encrypt,A,baseline,24,916,
salsa20,Decrypt,A,baseline,24,910,
salsa20,Encrypt,C,baseline,24,917,
salsa20,Decrypt,C,baseline,24,917,
salsa20,Encrypt,P,hardened,24,993,
salsa20,Decrypt,P,hardened,24,992,
salsa20,Encrypt,F,func,24,974,
salsa20,Decrypt,F,func,24,974,
salsa20,Encrypt,X,fine,24,993,
salsa20,Decrypt,X,fine,24,991,
salsa20,Encrypt,A,baseline,25,905,
salsa20,Decrypt,A,baseline,25,906,
salsa20,Encrypt,C,baseline,25,915,
salsa20,Decrypt,C,baseline,25,921,
salsa20,Encrypt,P,hardened,25,996,
salsa20,Decrypt,P,hardened,25,990,
salsa20,Encrypt,F,func,25,974,
salsa20,Decrypt,F,func,25,974,
salsa20,Encrypt,X,fine,25,997,
salsa20,Decrypt,X,fine,25,995,
salsa20,Encrypt,N,narrow,25,992,
salsa20,Decrypt,N,narrow,25,990,
xsalsa20,MAC,A,baseline,1,2166,
xsalsa20,Verify,A,baseline,1,2190,
xsalsa20,MAC,C,baseline,1,2205,
xsalsa20,Verify,C,baseline,1,2252,
xsalsa20,MAC,P,hardened,1,2571,
xsalsa20,Verify,P,hardened,1,2677,
xsalsa20,MAC,F,func,1,2522,
xsalsa20,Verify,F,func,1,2609,
xsalsa20,MAC,X,fine,1,2590,
xsalsa20,Verify,X,fine,1,2678,
xsalsa20,MAC,N,narrow,1,2578,
xsalsa20,Verify,N,narrow,1,2663,
xsalsa20,MAC,C,baseline,2,2227,
xsalsa20,Verify,C,baseline,2,2260,
xsalsa20,MAC,P,hardened,2,2586,
xsalsa20,Verify,P,hardened,2,2680,
xsalsa20,MAC,F,func,2,2516,
xsalsa20,Verify,F,func,2,2614,
xsalsa20,MAC,X,fine,2,2570,
xsalsa20,Verify,X,fine,2,2666,
xsalsa20,MAC,N,narrow,2,2614,
xsalsa20,Verify,N,narrow,2,2716,
xsalsa20,MAC,A,baseline,2,2177,
xsalsa20,Verify,A,baseline,2,2213,
xsalsa20,MAC,P,hardened,3,2607,
xsalsa20,Verify,P,hardened,3,2702,
xsalsa20,MAC,F,func,3,2573,
xsalsa20,Verify,F,func,3,2663,
xsalsa20,MAC,X,fine,3,2588,
xsalsa20,Verify,X,fine,3,2659,
xsalsa20,MAC,N,narrow,3,2612,
xsalsa20,Verify,N,narrow,3,2687,
xsalsa20,MAC,A,baseline,3,2187,
xsalsa20,Verify,A,baseline,3,2209,
xsalsa20,MAC,C,baseline,3,2214,
xsalsa20,Verify,C,baseline,3,2258,
xsalsa20,MAC,F,func,4,2554,
xsalsa20,Verify,F,func,4,2632,
xsalsa20,MAC,X,fine,4,2586,
xsalsa20,Verify,X,fine,4,2683,
xsalsa20,MAC,N,narrow,4,2591,
xsalsa20,Verify,N,narrow,4,2671,
xsalsa20,MAC,A,baseline,4,2226,
xsalsa20,Verify,A,baseline,4,2246,
xsalsa20,MAC,C,baseline,4,2251,
xsalsa20,Verify,C,baseline,4,2290,
xsalsa20,MAC,P,hardened,4,2602,
xsalsa20,Verify,P,hardened,4,2684,
xsalsa20,MAC,X,fine,5,2600,
xsalsa20,Verify,X,fine,5,2687,
xsalsa20,MAC,N,narrow,5,2592,
xsalsa20,Verify,N,narrow,5,2678,
xsalsa20,MAC,A,baseline,5,2184,
xsalsa20,Verify,A,baseline,5,2216,
xsalsa20,MAC,C,baseline,5,2211,
xsalsa20,Verify,C,baseline,5,2260,
xsalsa20,MAC,P,hardened,5,2623,
xsalsa20,Verify,P,hardened,5,2723,
xsalsa20,MAC,F,func,5,2521,
xsalsa20,Verify,F,func,5,2609,
xsalsa20,MAC,N,narrow,6,2585,
xsalsa20,Verify,N,narrow,6,2661,
xsalsa20,MAC,A,baseline,6,2179,
xsalsa20,Verify,A,baseline,6,2208,
xsalsa20,MAC,C,baseline,6,2211,
xsalsa20,Verify,C,baseline,6,2257,
xsalsa20,MAC,P,hardened,6,2593,
xsalsa20,Verify,P,hardened,6,2680,
xsalsa20,MAC,F,func,6,2527,
xsalsa20,Verify,F,func,6,2627,
xsalsa20,MAC,X,fine,6,2594,
xsalsa20,Verify,X,fine,6,2693,
xsalsa20,MAC,A,baseline,7,2173,
xsalsa20,Verify,A,baseline,7,2204,
xsalsa20,MAC,C,baseline,7,2222,
xsalsa20,Verify,C,baseline,7,2260,
xsalsa20,MAC,P,hardened,7,2579,
xsalsa20,Verify,P,hardened,7,2676,
xsalsa20,MAC,F,func,7,2529,
xsalsa20,Verify,F,func,7,2622,
xsalsa20,MAC,X,fine,7,2632,
xsalsa20,Verify,X,fine,7,2720,
xsalsa20,MAC,N,narrow,7,2619,
xsalsa20,Verify,N,narrow,7,2703,
xsalsa20,MAC,C,baseline,8,2218,
xsalsa20,Verify,C,baseline,8,2268,
xsalsa20,MAC,P,hardened,8,2577,
xsalsa20,Verify,P,hardened,8,2671,
xsalsa20,MAC,F,func,8,2536,
xsalsa20,Verify,F,func,8,2628,
xsalsa20,MAC,X,fine,8,2594,
xsalsa20,Verify,X,fine,8,2698,
xsalsa20,MAC,N,narrow,8,2651,
xsalsa20,Verify,N,narrow,8,2731,
xsalsa20,MAC,A,baseline,8,2210,
xsalsa20,Verify,A,baseline,8,2239,
xsalsa20,MAC,P,hardened,9,2618,
xsalsa20,Verify,P,hardened,9,2707,
xsalsa20,MAC,F,func,9,2544,
xsalsa20,Verify,F,func,9,2638,
xsalsa20,MAC,X,fine,9,2586,
xsalsa20,Verify,X,fine,9,2679,
xsalsa20,MAC,N,narrow,9,2598,
xsalsa20,Verify,N,narrow,9,2676,
xsalsa20,MAC,A,baseline,9,2213,
xsalsa20,Verify,A,baseline,9,2243,
xsalsa20,MAC,C,baseline,9,2225,
xsalsa20,Verify,C,baseline,9,2271,
xsalsa20,MAC,F,func,10,2511,
xsalsa20,Verify,F,func,10,2616,
xsalsa20,MAC,X,fine,10,2605,
xsalsa20,Verify,X,fine,10,2695,
xsalsa20,MAC,N,narrow,10,2579,
xsalsa20,Verify,N,narrow,10,2657,
xsalsa20,MAC,A,baseline,10,2201,
xsalsa20,Verify,A,baseline,10,2232,
xsalsa20,MAC,C,baseline,10,2215,
xsalsa20,Verify,C,baseline,10,2265,
xsalsa20,MAC,P,hardened,10,2607,
xsalsa20,Verify,P,hardened,10,2705,
xsalsa20,MAC,X,fine,11,2590,
xsalsa20,Verify,X,fine,11,2687,
xsalsa20,MAC,N,narrow,11,2587,
xsalsa20,Verify,N,narrow,11,2677,
xsalsa20,MAC,A,baseline,11,2177,
xsalsa20,Verify,A,baseline,11,2207,
xsalsa20,MAC,C,baseline,11,2231,
xsalsa20,Verify,C,baseline,11,2280,
xsalsa20,MAC,P,hardened,11,2633,
xsalsa20,Verify,P,hardened,11,2722,
xsalsa20,MAC,F,func,11,2499,
xsalsa20,Verify,F,func,11,2605,
xsalsa20,MAC,N,narrow,12,2592,
xsalsa20,Verify,N,narrow,12,2681,
xsalsa20,MAC,A,baseline,12,2186,
xsalsa20,Verify,A,baseline,12,2213,
xsalsa20,MAC,C,baseline,12,2220,
xsalsa20,Verify,C,baseline,12,2252,
xsalsa20,MAC,P,hardened,12,2588,
xsalsa20,Verify,P,hardened,12,2688,
xsalsa20,MAC,F,func,12,2532,
xsalsa20,Verify,F,func,12,2632,
xsalsa20,MAC,X,fine,12,2588,
xsalsa20,Verify,X,fine,12,2676,
xsalsa20,MAC,A,baseline,13,2180,
xsalsa20,Verify,A,baseline,13,2210,
xsalsa20,MAC,C,baseline,13,2209,
xsalsa20,Verify,C,baseline,13,2258,
xsalsa20,MAC,P,hardened,13,2598,
xsalsa20,Verify,P,hardened,13,2690,
xsalsa20,MAC,F,func,13,2520,
xsalsa20,Verify,F,func,13,2600,
xsalsa20,MAC,X,fine,13,2600,
xsalsa20,Verify,X,fine,13,2691,
xsalsa20,MAC,N,narrow,13,2571,
xsalsa20,Verify,N,narrow,13,2668,
xsalsa20,MAC,C,baseline,14,2197,
xsalsa20,Verify,C,baseline,14,2244,
xsalsa20,MAC,P,hardened,14,2604,
xsalsa20,Verify,P,hardened,14,2695,
xsalsa20,MAC,F,func,14,2532,
xsalsa20,Verify,F,func,14,2635,
xsalsa20,MAC,X,fine,14,2622,
xsalsa20,Verify,X,fine,14,2709,
xsalsa20,MAC,N,narrow,14,2629,
xsalsa20,Verify,N,narrow,14,2722,
xsalsa20,MAC,A,baseline,14,2214,
xsalsa20,Verify,A,baseline,14,2244,
xsalsa20,MAC,P,hardened,15,2618,
xsalsa20,Verify,P,hardened,15,2701,
xsalsa20,MAC,F,func,15,2503,
xsalsa20,Verify,F,func,15,2604,
xsalsa20,MAC,X,fine,15,2578,
xsalsa20,Verify,X,fine,15,2664,
xsalsa20,MAC,N,narrow,15,2593,
xsalsa20,Verify,N,narrow,15,2688,
xsalsa20,MAC,A,baseline,15,2197,
xsalsa20,Verify,A,baseline,15,2218,
xsalsa20,MAC,C,baseline,15,2207,
xsalsa20,Verify,C,baseline,15,2256,
xsalsa20,MAC,F,func,16,2519,
xsalsa20,Verify,F,func,16,2606,
xsalsa20,MAC,X,fine,16,2575,
xsalsa20,Verify,X,fine,16,2667,
xsalsa20,MAC,N,narrow,16,2595,
xsalsa20,Verify,N,narrow,16,2684,
xsalsa20,MAC,A,baseline,16,2196,
xsalsa20,Verify,A,baseline,16,2229,
xsalsa20,MAC,C,baseline,16,2207,
xsalsa20,Verify,C,baseline,16,2253,
xsalsa20,MAC,P,hardened,16,2614,
xsalsa20,Verify,P,hardened,16,2715,
xsalsa20,MAC,X,fine,17,2588,
xsalsa20,Verify,X,fine,17,2674,
xsalsa20,MAC,N,narrow,17,2635,
xsalsa20,Verify,N,narrow,17,2724,
xsalsa20,MAC,A,baseline,17,2170,
xsalsa20,Verify,A,baseline,17,2203,
xsalsa20,MAC,C,baseline,17,2211,
xsalsa20,Verify,C,baseline,17,2260,
xsalsa20,MAC,P,hardened,17,2578,
xsalsa20,Verify,P,hardened,17,2666,
xsalsa20,MAC,F,func,17,2537,
xsalsa20,Verify,F,func,17,2616,
xsalsa20,MAC,N,narrow,18,2604,
xsalsa20,Verify,N,narrow,18,2691,
xsalsa20,MAC,A,baseline,18,2217,
xsalsa20,Verify,A,baseline,18,2249,
xsalsa20,MAC,C,baseline,18,2211,
xsalsa20,Verify,C,baseline,18,2260,
xsalsa20,MAC,P,hardened,18,2610,
xsalsa20,Verify,P,hardened,18,2699,
xsalsa20,MAC,F,func,18,2527,
xsalsa20,Verify,F,func,18,2625,
xsalsa20,MAC,X,fine,18,2607,
xsalsa20,Verify,X,fine,18,2696,
xsalsa20,MAC,A,baseline,19,2169,
xsalsa20,Verify,A,baseline,19,2200,
xsalsa20,MAC,C,baseline,19,2208,
xsalsa20,Verify,C,baseline,19,2256,
xsalsa20,MAC,P,hardened,19,2593,
xsalsa20,Verify,P,hardened,19,2688,
xsalsa20,MAC,F,func,19,2524,
xsalsa20,Verify,F,func,19,2633,
xsalsa20,MAC,X,fine,19,2591,
xsalsa20,Verify,X,fine,19,2675,
xsalsa20,MAC,N,narrow,19,2581,
xsalsa20,Verify,N,narrow,19,2673,
xsalsa20,MAC,C,baseline,20,2225,
xsalsa20,Verify,C,baseline,20,2273,
xsalsa20,MAC,P,hardened,20,2588,
xsalsa20,Verify,P,hardened,20,2674,
xsalsa20,MAC,F,func,20,2545,
xsalsa20,Verify,F,func,20,2633,
xsalsa20,MAC,X,fine,20,2661,
xsalsa20,Verify,X,fine,20,2755,
xsalsa20,MAC,N,narrow,20,2599,
xsalsa20,Verify,N,narrow,20,2679,
xsalsa20,MAC,A,baseline,20,2196,
xsalsa20,Verify,A,baseline,20,2224,
xsalsa20,MAC,P,hardened,21,2644,
xsalsa20,Verify,P,hardened,21,2738,
xsalsa20,MAC,F,func,21,2604,
xsalsa20,Verify,F,func,21,2690,
xsalsa20,MAC,X,fine,21,2652,
xsalsa20,Verify,X,fine,21,2735,
xsalsa20,MAC,N,narrow,21,2650,
xsalsa20,Verify,N,narrow,21,2738,
xsalsa20,MAC,A,baseline,21,2235,
xsalsa20,Verify,A,baseline,21,2262,
xsalsa20,MAC,C,baseline,21,2198,
xsalsa20,Verify,C,baseline,21,2245,
xsalsa20,MAC,F,func,22,2523,
xsalsa20,Verify,F,func,22,2619,
xsalsa20,MAC,X,fine,22,2601,
xsalsa20,Verify,X,fine,22,2681,
xsalsa20,MAC,N,narrow,22,2586,
xsalsa20,Verify,N,narrow,22,2681,
xsalsa20,MAC,A,baseline,22,2180,
xsalsa20,Verify,A,baseline,22,2203,
xsalsa20,MAC,C,baseline,22,2231,
xsalsa20,Verify,C,baseline,22,2279,
xsalsa20,MAC,P,hardened,22,2577,
xsalsa20,Verify,P,hardened,22,2674,
xsalsa20,MAC,X,fine,23,2592,
xsalsa20,Verify,X,fine,23,2683,
xsalsa20,MAC,N,narrow,23,2602,
xsalsa20,Verify,N,narrow,23,2689,
xsalsa20,MAC,A,baseline,23,2190,
xsalsa20,Verify,A,baseline,23,2218,
xsalsa20,MAC,C,baseline,23,2217,
xsalsa20,Verify,C,baseline,23,2252,
xsalsa20,MAC,P,hardened,23,2598,
xsalsa20,Verify,P,hardened,23,2698,
xsalsa20,MAC,F,func,23,2505,
xsalsa20,Verify,F,func,23,2605,
xsalsa20,MAC,N,narrow,24,2631,
xsalsa20,Verify,N,narrow,24,2729,
xsalsa20,MAC,A,baseline,24,2174,
xsalsa20,Verify,A,baseline,24,2201,
xsalsa20,MAC,C,baseline,24,2221,
xsalsa20,Verify,C,baseline,24,2270,
xsalsa20,MAC,P,hardened,24,2584,
xsalsa20,Verify,P,hardened,24,2675,
xsalsa20,MAC,F,func,24,2530,
xsalsa20,Verify,F,func,24,2616,
xsalsa20,MAC,X,fine,24,2660,
xsalsa20,Verify,X,fine,24,2763,
xsalsa20,MAC,A,baseline,25,2189,
xsalsa20,Verify,A,baseline,25,2219,
xsalsa20,MAC,C,baseline,25,2237,
xsalsa20,Verify,C,baseline,25,2286,
xsalsa20,MAC,P,hardened,25,2563,
xsalsa20,Verify,P,hardened,25,2659,
xsalsa20,MAC,F,func,25,2494,
xsalsa20,Verify,F,func,25,2590,
xsalsa20,MAC,X,fine,25,2596,
xsalsa20,Verify,X,fine,25,2679,
xsalsa20,MAC,N,narrow,25,2648,
xsalsa20,Verify,N,narrow,25,2731,
xchacha20,Encrypt,A,baseline,1,1349,
xchacha20,Decrypt,A,baseline,1,1377,
xchacha20,Encrypt,C,baseline,1,1337,
xchacha20,Decrypt,C,baseline,1,1372,
xchacha20,Encrypt,P,hardened,1,2127,
xchacha20,Decrypt,P,hardened,1,2167,
xchacha20,Encrypt,F,func,1,2073,
xchacha20,Decrypt,F,func,1,2114,
xchacha20,Encrypt,X,fine,1,2372,
xchacha20,Decrypt,X,fine,1,2426,
xchacha20,Encrypt,N,narrow,1,2208,
xchacha20,Decrypt,N,narrow,1,2262,
xchacha20,Encrypt,C,baseline,2,1342,
xchacha20,Decrypt,C,baseline,2,1368,
xchacha20,Encrypt,P,hardened,2,2111,
xchacha20,Decrypt,P,hardened,2,2161,
xchacha20,Encrypt,F,func,2,2087,
xchacha20,Decrypt,F,func,2,2131,
xchacha20,Encrypt,X,fine,2,2363,
xchacha20,Decrypt,X,fine,2,2420,
xchacha20,Encrypt,N,narrow,2,2207,
xchacha20,Decrypt,N,narrow,2,2256,
xchacha20,Encrypt,A,baseline,2,1349,
xchacha20,Decrypt,A,baseline,2,1364,
xchacha20,Encrypt,P,hardened,3,2112,
xchacha20,Decrypt,P,hardened,3,2159,
xchacha20,Encrypt,F,func,3,2073,
xchacha20,Decrypt,F,func,3,2124,
xchacha20,Encrypt,X,fine,3,2365,
xchacha20,Decrypt,X,fine,3,2412,
xchacha20,Encrypt,N,narrow,3,2206,
xchacha20,Decrypt,N,narrow,3,2256,
xchacha20,Encrypt,A,baseline,3,1342,
xchacha20,Decrypt,A,baseline,3,1364,
xchacha20,Encrypt,C,baseline,3,1337,
xchacha20,Decrypt,C,baseline,3,1383,
xchacha20,Encrypt,F,func,4,2072,
xchacha20,Decrypt,F,func,4,2114,
xchacha20,Encrypt,X,fine,4,2362,
xchacha20,Decrypt,X,fine,4,2411,
xchacha20,Encrypt,N,narrow,4,2208,
xchacha20,Decrypt,N,narrow,4,2257,
xchacha20,Encrypt,A,baseline,4,1348,
xchacha20,Decrypt,A,baseline,4,1364,
xchacha20,Encrypt,C,baseline,4,1342,
xchacha20,Decrypt,C,baseline,4,1376,
xchacha20,Encrypt,P,hardened,4,2112,
xchacha20,Decrypt,P,hardened,4,2159,
xchacha20,Encrypt,X,fine,5,2377,
xchacha20,Decrypt,X,fine,5,2429,
xchacha20,Encrypt,N,narrow,5,2205,
xchacha20,Decrypt,N,narrow,5,2256,
xchacha20,Encrypt,A,baseline,5,1335,
xchacha20,Decrypt,A,baseline,5,1359,
xchacha20,Encrypt,C,baseline,5,1342,
xchacha20,Decrypt,C,baseline,5,1368,
xchacha20,Encrypt,P,hardened,5,2113,
xchacha20,Decrypt,P,hardened,5,2161,
xchacha20,Encrypt,F,func,5,2074,
xchacha20,Decrypt,F,func,5,2115,
xchacha20,Encrypt,N,narrow,6,2222,
xchacha20,Decrypt,N,narrow,6,2279,
xchacha20,Encrypt,A,baseline,6,1351,
xchacha20,Decrypt,A,baseline,6,1375,
xchacha20,Encrypt,C,baseline,6,1340,
xchacha20,Decrypt,C,baseline,6,1380,
xchacha20,Encrypt,P,hardened,6,2111,
xchacha20,Decrypt,P,hardened,6,2159,
xchacha20,Encrypt,F,func,6,2074,
xchacha20,Decrypt,F,func,6,2115,
xchacha20,Encrypt,X,fine,6,2387,
xchacha20,Decrypt,X,fine,6,2428,
xchacha20,Encrypt,A,baseline,7,1336,
xchacha20,Decrypt,A,baseline,7,1368,
xchacha20,Encrypt,C,baseline,7,1336,
xchacha20,Decrypt,C,baseline,7,1375,
xchacha20,Encrypt,P,hardened,7,2110,
xchacha20,Decrypt,P,hardened,7,2171,
xchacha20,Encrypt,F,func,7,2086,
xchacha20,Decrypt,F,func,7,2115,
xchacha20,Encrypt,X,fine,7,2365,
xchacha20,Decrypt,X,fine,7,2412,
xchacha20,Encrypt,N,narrow,7,2207,
xchacha20,Decrypt,N,narrow,7,2256,
xchacha20,Encrypt,C,baseline,8,1341,
xchacha20,Decrypt,C,baseline,8,1363,
xchacha20,Encrypt,P,hardened,8,2112,
xchacha20,Decrypt,P,hardened,8,2160,
xchacha20,Encrypt,F,func,8,2073,
xchacha20,Decrypt,F,func,8,2126,
xchacha20,Encrypt,X,fine,8,2413,
xchacha20,Decrypt,X,fine,8,2462,
xchacha20,Encrypt,N,narrow,8,2207,
xchacha20,Decrypt,N,narrow,8,2257,
xchacha20,Encrypt,A,baseline,8,1333,
xchacha20,Decrypt,A,baseline,8,1359,
xchacha20,Encrypt,P,hardened,9,2115,
xchacha20,Decrypt,P,hardened,9,2165,
xchacha20,Encrypt,F,func,9,2074,
xchacha20,Decrypt,F,func,9,2115,
xchacha20,Encrypt,X,fine,9,2391,
xchacha20,Decrypt,X,fine,9,2429,
xchacha20,Encrypt,N,narrow,9,2215,
xchacha20,Decrypt,N,narrow,9,2260,
xchacha20,Encrypt,A,baseline,9,1354,
xchacha20,Decrypt,A,baseline,9,1375,
xchacha20,Encrypt,C,baseline,9,1346,
xchacha20,Decrypt,C,baseline,9,1380,
xchacha20,Encrypt,F,func,10,2075,
xchacha20,Decrypt,F,func,10,2114,
xchacha20,Encrypt,X,fine,10,2375,
xchacha20,Decrypt,X,fine,10,2417,
xchacha20,Encrypt,N,narrow,10,2212,
xchacha20,Decrypt,N,narrow,10,2258,
xchacha20,Encrypt,A,baseline,10,1343,
xchacha20,Decrypt,A,baseline,10,1365,
xchacha20,Encrypt,C,baseline,10,1348,
xchacha20,Decrypt,C,baseline,10,1374,
xchacha20,Encrypt,P,hardened,10,2119,
xchacha20,Decrypt,P,hardened,10,2177,
xchacha20,Encrypt,X,fine,11,2368,
xchacha20,Decrypt,X,fine,11,2411,
xchacha20,Encrypt,N,narrow,11,2208,
xchacha20,Decrypt,N,narrow,11,2257,
xchacha20,Encrypt,A,baseline,11,1342,
xchacha20,Decrypt,A,baseline,11,1366,
xchacha20,Encrypt,C,baseline,11,1335,
xchacha20,Decrypt,C,baseline,11,1360,
xchacha20,Encrypt,P,hardened,11,2111,
xchacha20,Decrypt,P,hardened,11,2162,
xchacha20,Encrypt,F,func,11,2083,
xchacha20,Decrypt,F,func,11,2130,
xchacha20,Encrypt,N,narrow,12,2206,
xchacha20,Decrypt,N,narrow,12,2265,
xchacha20,Encrypt,A,baseline,12,1339,
xchacha20,Decrypt,A,baseline,12,1363,
xchacha20,Encrypt,C,baseline,12,1350,
xchacha20,Decrypt,C,baseline,12,1370,
xchacha20,Encrypt,P,hardened,12,2111,
xchacha20,Decrypt,P,hardened,12,2158,
xchacha20,Encrypt,F,func,12,2073,
xchacha20,Decrypt,F,func,12,2115,
xchacha20,Encrypt,X,fine,12,2371,
xchacha20,Decrypt,X,fine,12,2412,
xchacha20,Encrypt,A,baseline,13,1336,
xchacha20,Decrypt,A,baseline,13,1358,
xchacha20,Encrypt,C,baseline,13,1340,
xchacha20,Decrypt,C,baseline,13,1367,
xchacha20,Encrypt,P,hardened,13,2141,
xchacha20,Decrypt,P,hardened,13,2180,
xchacha20,Encrypt,F,func,13,2078,
xchacha20,Decrypt,F,func,13,2122,
xchacha20,Encrypt,X,fine,13,2364,
xchacha20,Decrypt,X,fine,13,2420,
xchacha20,Encrypt,N,narrow,13,2213,
xchacha20,Decrypt,N,narrow,13,2264,
xchacha20,Encrypt,C,baseline,14,1336,
xchacha20,Decrypt,C,baseline,14,1381,
xchacha20,Encrypt,P,hardened,14,2125,
xchacha20,Decrypt,P,hardened,14,2185,
xchacha20,Encrypt,F,func,14,2073,
xchacha20,Decrypt,F,func,14,2122,
xchacha20,Encrypt,X,fine,14,2365,
xchacha20,Decrypt,X,fine,14,2412,
xchacha20,Encrypt,N,narrow,14,2220,
xchacha20,Decrypt,N,narrow,14,2286,
xchacha20,Encrypt,A,baseline,14,1350,
xchacha20,Decrypt,A,baseline,14,1373,
xchacha20,Encrypt,P,hardened,15,2125,
xchacha20,Decrypt,P,hardened,15,2186,
xchacha20,Encrypt,F,func,15,2073,
xchacha20,Decrypt,F,func,15,2114,
xchacha20,Encrypt,X,fine,15,2369,
xchacha20,Decrypt,X,fine,15,2411,
xchacha20,Encrypt,N,narrow,15,2207,
xchacha20,Decrypt,N,narrow,15,2262,
xchacha20,Encrypt,A,baseline,15,1336,
xchacha20,Decrypt,A,baseline,15,1361,
xchacha20,Encrypt,C,baseline,15,1342,
xchacha20,Decrypt,C,baseline,15,1382,
xchacha20,Encrypt,F,func,16,2074,
xchacha20,Decrypt,F,func,16,2124,
xchacha20,Encrypt,X,fine,16,2363,
xchacha20,Decrypt,X,fine,16,2413,
xchacha20,Encrypt,N,narrow,16,2334,
xchacha20,Decrypt,N,narrow,16,2378,
xchacha20,Encrypt,A,baseline,16,1346,
xchacha20,Decrypt,A,baseline,16,1360,
xchacha20,Encrypt,C,baseline,16,1335,
xchacha20,Decrypt,C,baseline,16,1363,
xchacha20,Encrypt,P,hardened,16,2115,
xchacha20,Decrypt,P,hardened,16,2169,
xchacha20,Encrypt,X,fine,17,2365,
xchacha20,Decrypt,X,fine,17,2417,
xchacha20,Encrypt,N,narrow,17,2207,
xchacha20,Decrypt,N,narrow,17,2256,
xchacha20,Encrypt,A,baseline,17,1350,
xchacha20,Decrypt,A,baseline,17,1365,
xchacha20,Encrypt,C,baseline,17,1355,
xchacha20,Decrypt,C,baseline,17,1372,
xchacha20,Encrypt,P,hardened,17,2111,
xchacha20,Decrypt,P,hardened,17,2157,
xchacha20,Encrypt,F,func,17,2078,
xchacha20,Decrypt,F,func,17,2116,
xchacha20,Encrypt,N,narrow,18,2207,
xchacha20,Decrypt,N,narrow,18,2257,
xchacha20,Encrypt,A,baseline,18,1341,
xchacha20,Decrypt,A,baseline,18,1363,
xchacha20,Encrypt,C,baseline,18,1342,
xchacha20,Decrypt,C,baseline,18,1389,
xchacha20,Encrypt,P,hardened,18,2113,
xchacha20,Decrypt,P,hardened,18,2160,
xchacha20,Encrypt,F,func,18,2074,
xchacha20,Decrypt,F,func,18,2114,
xchacha20,Encrypt,X,fine,18,2371,
xchacha20,Decrypt,X,fine,18,2413,
xchacha20,Encrypt,A,baseline,19,1337,
xchacha20,Decrypt,A,baseline,19,1360,
xchacha20,Encrypt,C,baseline,19,1336,
xchacha20,Decrypt,C,baseline,19,1376,
xchacha20,Encrypt,P,hardened,19,2118,
xchacha20,Decrypt,P,hardened,19,2159,
xchacha20,Encrypt,F,func,19,2073,
xchacha20,Decrypt,F,func,19,2114,
xchacha20,Encrypt,X,fine,19,2363,
xchacha20,Decrypt,X,fine,19,2420,
xchacha20,Encrypt,N,narrow,19,2207,
xchacha20,Decrypt,N,narrow,19,2265,
xchacha20,Encrypt,C,baseline,20,1369,
xchacha20,Decrypt,C,baseline,20,1390,
xchacha20,Encrypt,P,hardened,20,2111,
xchacha20,Decrypt,P,hardened,20,2169,
xchacha20,Encrypt,F,func,20,2074,
xchacha20,Decrypt,F,func,20,2120,
xchacha20,Encrypt,X,fine,20,2368,
xchacha20,Decrypt,X,fine,20,2425,
xchacha20,Encrypt,N,narrow,20,2233,
xchacha20,Decrypt,N,narrow,20,2273,
xchacha20,Encrypt,A,baseline,20,1344,
xchacha20,Decrypt,A,baseline,20,1371,
xchacha20,Encrypt,P,hardened,21,2111,
xchacha20,Decrypt,P,hardened,21,2160,
xchacha20,Encrypt,F,func,21,2076,
xchacha20,Decrypt,F,func,21,2117,
xchacha20,Encrypt,X,fine,21,2363,
xchacha20,Decrypt,X,fine,21,2411,
xchacha20,Encrypt,N,narrow,21,2207,
xchacha20,Decrypt,N,narrow,21,2262,
xchacha20,Encrypt,A,baseline,21,1350,
xchacha20,Decrypt,A,baseline,21,1374,
xchacha20,Encrypt,C,baseline,21,1351,
xchacha20,Decrypt,C,baseline,21,1366,
xchacha20,Encrypt,F,func,22,2116,
xchacha20,Decrypt,F,func,22,2159,
xchacha20,Encrypt,X,fine,22,2365,
xchacha20,Decrypt,X,fine,22,2429,
xchacha20,Encrypt,N,narrow,22,2206,
xchacha20,Decrypt,N,narrow,22,2270,
xchacha20,Encrypt,A,baseline,22,1344,
xchacha20,Decrypt,A,baseline,22,1361,
xchacha20,Encrypt,C,baseline,22,1337,
xchacha20,Decrypt,C,baseline,22,1373,
xchacha20,Encrypt,P,hardened,22,2111,
xchacha20,Decrypt,P,hardened,22,2160,
xchacha20,Encrypt,X,fine,23,2372,
xchacha20,Decrypt,X,fine,23,2423,
xchacha20,Encrypt,N,narrow,23,2207,
xchacha20,Decrypt,N,narrow,23,2256,
xchacha20,Encrypt,A,baseline,23,1374,
xchacha20,Decrypt,A,baseline,23,1398,
xchacha20,Encrypt,C,baseline,23,1351,
xchacha20,Decrypt,C,baseline,23,1369,
xchacha20,Encrypt,P,hardened,23,2111,
xchacha20,Decrypt,P,hardened,23,2167,
xchacha20,Encrypt,F,func,23,2074,
xchacha20,Decrypt,F,func,23,2115,
xchacha20,Encrypt,N,narrow,24,2216,
xchacha20,Decrypt,N,narrow,24,2276,
xchacha20,Encrypt,A,baseline,24,1336,
xchacha20,Decrypt,A,baseline,24,1365,
xchacha20,Encrypt,C,baseline,24,1340,
xchacha20,Decrypt,C,baseline,24,1377,
xchacha20,Encrypt,P,hardened,24,2113,
xchacha20,Decrypt,P,hardened,24,2162,
xchacha20,Encrypt,F,func,24,2072,
xchacha20,Decrypt,F,func,24,2115,
xchacha20,Encrypt,X,fine,24,2382,
xchacha20,Decrypt,X,fine,24,2437,
xchacha20,Encrypt,A,baseline,25,1334,
xchacha20,Decrypt,A,baseline,25,1359,
xchacha20,Encrypt,C,baseline,25,1340,
xchacha20,Decrypt,C,baseline,25,1362,
xchacha20,Encrypt,P,hardened,25,2111,
xchacha20,Decrypt,P,hardened,25,2160,
xchacha20,Encrypt,F,func,25,2073,
xchacha20,Decrypt,F,func,25,2113,
xchacha20,Encrypt,X,fine,25,2365,
xchacha20,Decrypt,X,fine,25,2412,
xchacha20,Encrypt,N,narrow,25,2221,
xchacha20,Decrypt,N,narrow,25,2273,
sha256,Hash,A,baseline,1,1771,
sha256,Hash,C,baseline,1,1808,
sha256,Hash,P,hardened,1,1915,
sha256,Hash,F,func,1,1890,
sha256,Hash,X,fine,1,1914,
sha256,Hash,N,narrow,1,1911,
sha256,Hash,C,baseline,2,1812,
sha256,Hash,P,hardened,2,1900,
sha256,Hash,F,func,2,1878,
sha256,Hash,X,fine,2,1920,
sha256,Hash,N,narrow,2,1931,
sha256,Hash,A,baseline,2,1815,
sha256,Hash,P,hardened,3,1912,
sha256,Hash,F,func,3,1890,
sha256,Hash,X,fine,3,1929,
sha256,Hash,N,narrow,3,1894,
sha256,Hash,A,baseline,3,1835,
sha256,Hash,C,baseline,3,1832,
sha256,Hash,F,func,4,1881,
sha256,Hash,X,fine,4,1950,
sha256,Hash,N,narrow,4,1913,
sha256,Hash,A,baseline,4,1791,
sha256,Hash,C,baseline,4,1835,
sha256,Hash,P,hardened,4,1912,
sha256,Hash,X,fine,5,1903,
sha256,Hash,N,narrow,5,1926,
sha256,Hash,A,baseline,5,1801,
sha256,Hash,C,baseline,5,1814,
sha256,Hash,P,hardened,5,1923,
sha256,Hash,F,func,5,1916,
sha256,Hash,N,narrow,6,1930,
sha256,Hash,A,baseline,6,1795,
sha256,Hash,C,baseline,6,1822,
sha256,Hash,P,hardened,6,1912,
sha256,Hash,F,func,6,1942,
sha256,Hash,X,fine,6,1909,
sha256,Hash,A,baseline,7,1820,
sha256,Hash,C,baseline,7,1798,
sha256,Hash,P,hardened,7,1919,
sha256,Hash,F,func,7,1916,
sha256,Hash,X,fine,7,1909,
sha256,Hash,N,narrow,7,1902,
sha256,Hash,C,baseline,8,1826,
sha256,Hash,P,hardened,8,2019,
sha256,Hash,F,func,8,1873,
sha256,Hash,X,fine,8,1910,
sha256,Hash,N,narrow,8,1939,
sha256,Hash,A,baseline,8,1817,
sha256,Hash,P,hardened,9,1910,
sha256,Hash,F,func,9,1895,
sha256,Hash,X,fine,9,1925,
sha256,Hash,N,narrow,9,1943,
sha256,Hash,A,baseline,9,1808,
sha256,Hash,C,baseline,9,1800,
sha256,Hash,F,func,10,1886,
sha256,Hash,X,fine,10,1946,
sha256,Hash,N,narrow,10,1916,
sha256,Hash,A,baseline,10,1820,
sha256,Hash,C,baseline,10,1816,
sha256,Hash,P,hardened,10,1905,
sha256,Hash,X,fine,11,1944,
sha256,Hash,N,narrow,11,1924,
sha256,Hash,A,baseline,11,1841,
sha256,Hash,C,baseline,11,1823,
sha256,Hash,P,hardened,11,1922,
sha256,Hash,F,func,11,1895,
sha256,Hash,N,narrow,12,1946,
sha256,Hash,A,baseline,12,1838,
sha256,Hash,C,baseline,12,1834,
sha256,Hash,P,hardened,12,1946,
sha256,Hash,F,func,12,1889,
sha256,Hash,X,fine,12,1913,
sha256,Hash,A,baseline,13,1799,
sha256,Hash,C,baseline,13,1827,
sha256,Hash,P,hardened,13,1916,
sha256,Hash,F,func,13,1899,
sha256,Hash,X,fine,13,1911,
sha256,Hash,N,narrow,13,1923,
sha256,Hash,C,baseline,14,1807,
sha256,Hash,P,hardened,14,1918,
sha256,Hash,F,func,14,1895,
sha256,Hash,X,fine,14,1922,
sha256,Hash,N,narrow,14,1909,
sha256,Hash,A,baseline,14,1830,
sha256,Hash,P,hardened,15,1924,
sha256,Hash,F,func,15,1893,
sha256,Hash,X,fine,15,1932,
sha256,Hash,N,narrow,15,1940,
sha256,Hash,A,baseline,15,1811,
sha256,Hash,C,baseline,15,1816,
sha256,Hash,F,func,16,1885,
sha256,Hash,X,fine,16,1921,
sha256,Hash,N,narrow,16,1912,
sha256,Hash,A,baseline,16,1806,
sha256,Hash,C,baseline,16,1803,
sha256,Hash,P,hardened,16,1940,
sha256,Hash,X,fine,17,1934,
sha256,Hash,N,narrow,17,1912,
sha256,Hash,A,baseline,17,1790,
sha256,Hash,C,baseline,17,1841,
sha256,Hash,P,hardened,17,1909,
sha256,Hash,F,func,17,1916,
sha256,Hash,N,narrow,18,1972,
sha256,Hash,A,baseline,18,1794,
sha256,Hash,C,baseline,18,1834,
sha256,Hash,P,hardened,18,1905,
sha256,Hash,F,func,18,1911,
sha256,Hash,X,fine,18,1936,
sha256,Hash,A,baseline,19,1801,
sha256,Hash,C,baseline,19,1807,
sha256,Hash,P,hardened,19,1927,
sha256,Hash,F,func,19,1919,
sha256,Hash,X,fine,19,1906,
sha256,Hash,N,narrow,19,1931,
sha256,Hash,C,baseline,20,1809,
sha256,Hash,P,hardened,20,1946,
sha256,Hash,F,func,20,1900,
sha256,Hash,X,fine,20,1910,
sha256,Hash,N,narrow,20,1947,
sha256,Hash,A,baseline,20,1801,
sha256,Hash,P,hardened,21,1920,
sha256,Hash,F,func,21,1897,
sha256,Hash,X,fine,21,1918,
sha256,Hash,N,narrow,21,1944,
sha256,Hash,A,baseline,21,1789,
sha256,Hash,C,baseline,21,1807,
sha256,Hash,F,func,22,1896,
sha256,Hash,X,fine,22,1940,
sha256,Hash,N,narrow,22,1951,
sha256,Hash,A,baseline,22,1802,
sha256,Hash,C,baseline,22,1846,
sha256,Hash,P,hardened,22,1916,
sha256,Hash,X,fine,23,1924,
sha256,Hash,N,narrow,23,1937,
sha256,Hash,A,baseline,23,1793,
sha256,Hash,C,baseline,23,1822,
sha256,Hash,P,hardened,23,1921,
sha256,Hash,F,func,23,1890,
sha256,Hash,N,narrow,24,1917,
sha256,Hash,A,baseline,24,1785,
sha256,Hash,C,baseline,24,1838,
sha256,Hash,P,hardened,24,1921,
sha256,Hash,F,func,24,1900,
sha256,Hash,X,fine,24,1900,
sha256,Hash,A,baseline,25,1786,
sha256,Hash,C,baseline,25,1815,
sha256,Hash,P,hardened,25,1955,
sha256,Hash,F,func,25,1921,
sha256,Hash,X,fine,25,1920,
sha256,Hash,N,narrow,25,1923,
sha512,Hash,A,baseline,1,1208,
sha512,Hash,C,baseline,1,1206,
sha512,Hash,P,hardened,1,1651,
sha512,Hash,F,func,1,1611,
sha512,Hash,X,fine,1,3029,
sha512,Hash,N,narrow,1,1640,
sha512,Hash,C,baseline,2,1206,
sha512,Hash,P,hardened,2,1645,
sha512,Hash,F,func,2,1620,
sha512,Hash,X,fine,2,3028,
sha512,Hash,N,narrow,2,1676,
sha512,Hash,A,baseline,2,1176,
sha512,Hash,P,hardened,3,1647,
sha512,Hash,F,func,3,1641,
sha512,Hash,X,fine,3,3038,
sha512,Hash,N,narrow,3,1647,
sha512,Hash,A,baseline,3,1193,
sha512,Hash,C,baseline,3,1199,
sha512,Hash,F,func,4,1610,
sha512,Hash,X,fine,4,3046,
sha512,Hash,N,narrow,4,1640,
sha512,Hash,A,baseline,4,1199,
sha512,Hash,C,baseline,4,1195,
sha512,Hash,P,hardened,4,1665,
sha512,Hash,X,fine,5,3035,
sha512,Hash,N,narrow,5,1638,
sha512,Hash,A,baseline,5,1203,
sha512,Hash,C,baseline,5,1194,
sha512,Hash,P,hardened,5,1652,
sha512,Hash,F,func,5,1619,
sha512,Hash,N,narrow,6,1641,
sha512,Hash,A,baseline,6,1179,
sha512,Hash,C,baseline,6,1191,
sha512,Hash,P,hardened,6,1655,
sha512,Hash,F,func,6,1628,
sha512,Hash,X,fine,6,3038,
sha512,Hash,A,baseline,7,1217,
sha512,Hash,C,baseline,7,1206,
sha512,Hash,P,hardened,7,1647,
sha512,Hash,F,func,7,1625,
sha512,Hash,X,fine,7,3027,
sha512,Hash,N,narrow,7,1639,
sha512,Hash,C,baseline,8,1191,
sha512,Hash,P,hardened,8,1660,
sha512,Hash,F,func,8,1613,
sha512,Hash,X,fine,8,3028,
sha512,Hash,N,narrow,8,1687,
sha512,Hash,A,baseline,8,1178,
sha512,Hash,P,hardened,9,1646,
sha512,Hash,F,func,9,1635,
sha512,Hash,X,fine,9,3035,
sha512,Hash,N,narrow,9,1644,
sha512,Hash,A,baseline,9,1194,
sha512,Hash,C,baseline,9,1203,
sha512,Hash,F,func,10,1619,
sha512,Hash,X,fine,10,3030,
sha512,Hash,N,narrow,10,1643,
sha512,Hash,A,baseline,10,1210,
sha512,Hash,C,baseline,10,1196,
sha512,Hash,P,hardened,10,1659,
sha512,Hash,X,fine,11,3040,
sha512,Hash,N,narrow,11,1648,
sha512,Hash,A,baseline,11,1177,
sha512,Hash,C,baseline,11,1199,
sha512,Hash,P,hardened,11,1643,
sha512,Hash,F,func,11,1631,
sha512,Hash,N,narrow,12,1646,
sha512,Hash,A,baseline,12,1183,
sha512,Hash,C,baseline,12,1201,
sha512,Hash,P,hardened,12,1660,
sha512,Hash,F,func,12,1643,
sha512,Hash,X,fine,12,3032,
sha512,Hash,A,baseline,13,1191,
sha512,Hash,C,baseline,13,1206,
sha512,Hash,P,hardened,13,1646,
sha512,Hash,F,func,13,1612,
sha512,Hash,X,fine,13,3027,
sha512,Hash,N,narrow,13,1639,
sha512,Hash,C,baseline,14,1201,
sha512,Hash,P,hardened,14,1647,
sha512,Hash,F,func,14,1614,
sha512,Hash,X,fine,14,3029,
sha512,Hash,N,narrow,14,1646,
sha512,Hash,A,baseline,14,1178,
sha512,Hash,P,hardened,15,1644,
sha512,Hash,F,func,15,1611,
sha512,Hash,X,fine,15,3037,
sha512,Hash,N,narrow,15,1639,
sha512,Hash,A,baseline,15,1182,
sha512,Hash,C,baseline,15,1198,
sha512,Hash,F,func,16,1611,
sha512,Hash,X,fine,16,3034,
sha512,Hash,N,narrow,16,1664,
sha512,Hash,A,baseline,16,1207,
sha512,Hash,C,baseline,16,1221,
sha512,Hash,P,hardened,16,1681,
sha512,Hash,X,fine,17,3029,
sha512,Hash,N,narrow,17,1648,
sha512,Hash,A,baseline,17,1176,
sha512,Hash,C,baseline,17,1186,
sha512,Hash,P,hardened,17,1646,
sha512,Hash,F,func,17,1617,
sha512,Hash,N,narrow,18,1640,
sha512,Hash,A,baseline,18,1213,
sha512,Hash,C,baseline,18,1228,
sha512,Hash,P,hardened,18,1667,
sha512,Hash,F,func,18,1616,
sha512,Hash,X,fine,18,3028,
sha512,Hash,A,baseline,19,1189,
sha512,Hash,C,baseline,19,1208,
sha512,Hash,P,hardened,19,1647,
sha512,Hash,F,func,19,1611,
sha512,Hash,X,fine,19,3029,
sha512,Hash,N,narrow,19,1663,
sha512,Hash,C,baseline,20,1198,
sha512,Hash,P,hardened,20,1655,
sha512,Hash,F,func,20,1612,
sha512,Hash,X,fine,20,3028,
sha512,Hash,N,narrow,20,1638,
sha512,Hash,A,baseline,20,1178,
sha512,Hash,P,hardened,21,1647,
sha512,Hash,F,func,21,1623,
sha512,Hash,X,fine,21,3027,
sha512,Hash,N,narrow,21,1640,
sha512,Hash,A,baseline,21,1188,
sha512,Hash,C,baseline,21,1188,
sha512,Hash,F,func,22,1611,
sha512,Hash,X,fine,22,3026,
sha512,Hash,N,narrow,22,1780,
sha512,Hash,A,baseline,22,1188,
sha512,Hash,C,baseline,22,1211,
sha512,Hash,P,hardened,22,1648,
sha512,Hash,X,fine,23,3028,
sha512,Hash,N,narrow,23,1651,
sha512,Hash,A,baseline,23,1198,
sha512,Hash,C,baseline,23,1194,
sha512,Hash,P,hardened,23,1655,
sha512,Hash,F,func,23,1611,
sha512,Hash,N,narrow,24,1639,
sha512,Hash,A,baseline,24,1181,
sha512,Hash,C,baseline,24,1203,
sha512,Hash,P,hardened,24,1654,
sha512,Hash,F,func,24,1632,
sha512,Hash,X,fine,24,3053,
sha512,Hash,A,baseline,25,1198,
sha512,Hash,C,baseline,25,1209,
sha512,Hash,P,hardened,25,1648,
sha512,Hash,F,func,25,1611,
sha512,Hash,X,fine,25,3027,
sha512,Hash,N,narrow,25,1646,
blake2b,Hash,A,baseline,1,692,
blake2b,Hash,C,baseline,1,689,
blake2b,Hash,P,hardened,1,808,
blake2b,Hash,F,func,1,787,
blake2b,Hash,X,fine,1,807,
blake2b,Hash,N,narrow,1,809,
blake2b,Hash,C,baseline,2,702,
blake2b,Hash,P,hardened,2,809,
blake2b,Hash,F,func,2,784,
blake2b,Hash,X,fine,2,816,
blake2b,Hash,N,narrow,2,808,
blake2b,Hash,A,baseline,2,692,
blake2b,Hash,P,hardened,3,810,
blake2b,Hash,F,func,3,783,
blake2b,Hash,X,fine,3,809,
blake2b,Hash,N,narrow,3,812,
blake2b,Hash,A,baseline,3,691,
blake2b,Hash,C,baseline,3,690,
blake2b,Hash,F,func,4,784,
blake2b,Hash,X,fine,4,813,
blake2b,Hash,N,narrow,4,807,
blake2b,Hash,A,baseline,4,699,
blake2b,Hash,C,baseline,4,687,
blake2b,Hash,P,hardened,4,810,
blake2b,Hash,X,fine,5,807,
blake2b,Hash,N,narrow,5,809,
blake2b,Hash,A,baseline,5,693,
blake2b,Hash,C,baseline,5,689,
blake2b,Hash,P,hardened,5,818,
blake2b,Hash,F,func,5,783,
blake2b,Hash,N,narrow,6,806,
blake2b,Hash,A,baseline,6,691,
blake2b,Hash,C,baseline,6,687,
blake2b,Hash,P,hardened,6,808,
blake2b,Hash,F,func,6,783,
blake2b,Hash,X,fine,6,808,
blake2b,Hash,A,baseline,7,692,
blake2b,Hash,C,baseline,7,690,
blake2b,Hash,P,hardened,7,809,
blake2b,Hash,F,func,7,787,
blake2b,Hash,X,fine,7,825,
blake2b,Hash,N,narrow,7,808,
blake2b,Hash,C,baseline,8,689,
blake2b,Hash,P,hardened,8,809,
blake2b,Hash,F,func,8,789,
blake2b,Hash,X,fine,8,817,
blake2b,Hash,N,narrow,8,813,
blake2b,Hash,A,baseline,8,692,
blake2b,Hash,P,hardened,9,809,
blake2b,Hash,F,func,9,784,
blake2b,Hash,X,fine,9,809,
blake2b,Hash,N,narrow,9,809,
blake2b,Hash,A,baseline,9,694,
blake2b,Hash,C,baseline,9,690,
blake2b,Hash,F,func,10,785,
blake2b,Hash,X,fine,10,811,
blake2b,Hash,N,narrow,10,816,
blake2b,Hash,A,baseline,10,696,
blake2b,Hash,C,baseline,10,691,
blake2b,Hash,P,hardened,10,808,
blake2b,Hash,X,fine,11,809,
blake2b,Hash,N,narrow,11,808,
blake2b,Hash,A,baseline,11,693,
blake2b,Hash,C,baseline,11,687,
blake2b,Hash,P,hardened,11,810,
blake2b,Hash,F,func,11,790,
blake2b,Hash,N,narrow,12,808,
blake2b,Hash,A,baseline,12,692,
blake2b,Hash,C,baseline,12,687,
blake2b,Hash,P,hardened,12,810,
blake2b,Hash,F,func,12,791,
blake2b,Hash,X,fine,12,809,
blake2b,Hash,A,baseline,13,692,
blake2b,Hash,C,baseline,13,687,
blake2b,Hash,P,hardened,13,812,
blake2b,Hash,F,func,13,784,
blake2b,Hash,X,fine,13,808,
blake2b,Hash,N,narrow,13,808,
blake2b,Hash,C,baseline,14,690,
blake2b,Hash,P,hardened,14,815,
blake2b,Hash,F,func,14,783,
blake2b,Hash,X,fine,14,816,
blake2b,Hash,N,narrow,14,824,
blake2b,Hash,A,baseline,14,699,
blake2b,Hash,P,hardened,15,810,
blake2b,Hash,F,func,15,784,
blake2b,Hash,X,fine,15,810,
blake2b,Hash,N,narrow,15,808,
blake2b,Hash,A,baseline,15,698,
blake2b,Hash,C,baseline,15,690,
blake2b,Hash,F,func,16,785,
blake2b,Hash,X,fine,16,815,
blake2b,Hash,N,narrow,16,808,
blake2b,Hash,A,baseline,16,692,
blake2b,Hash,C,baseline,16,691,
blake2b,Hash,P,hardened,16,810,
blake2b,Hash,X,fine,17,809,
blake2b,Hash,N,narrow,17,817,
blake2b,Hash,A,baseline,17,691,
blake2b,Hash,C,baseline,17,690,
blake2b,Hash,P,hardened,17,808,
blake2b,Hash,F,func,17,785,
blake2b,Hash,N,narrow,18,807,
blake2b,Hash,A,baseline,18,692,
blake2b,Hash,C,baseline,18,690,
blake2b,Hash,P,hardened,18,810,
blake2b,Hash,F,func,18,783,
blake2b,Hash,X,fine,18,809,
blake2b,Hash,A,baseline,19,694,
blake2b,Hash,C,baseline,19,695,
blake2b,Hash,P,hardened,19,810,
blake2b,Hash,F,func,19,787,
blake2b,Hash,X,fine,19,808,
blake2b,Hash,N,narrow,19,809,
blake2b,Hash,C,baseline,20,690,
blake2b,Hash,P,hardened,20,809,
blake2b,Hash,F,func,20,788,
blake2b,Hash,X,fine,20,810,
blake2b,Hash,N,narrow,20,816,
blake2b,Hash,A,baseline,20,690,
blake2b,Hash,P,hardened,21,808,
blake2b,Hash,F,func,21,783,
blake2b,Hash,X,fine,21,816,
blake2b,Hash,N,narrow,21,809,
blake2b,Hash,A,baseline,21,692,
blake2b,Hash,C,baseline,21,689,
blake2b,Hash,F,func,22,785,
blake2b,Hash,X,fine,22,809,
blake2b,Hash,N,narrow,22,808,
blake2b,Hash,A,baseline,22,691,
blake2b,Hash,C,baseline,22,691,
blake2b,Hash,P,hardened,22,808,
blake2b,Hash,X,fine,23,817,
blake2b,Hash,N,narrow,23,809,
blake2b,Hash,A,baseline,23,691,
blake2b,Hash,C,baseline,23,690,
blake2b,Hash,P,hardened,23,809,
blake2b,Hash,F,func,23,784,
blake2b,Hash,N,narrow,24,805,
blake2b,Hash,A,baseline,24,692,
blake2b,Hash,C,baseline,24,690,
blake2b,Hash,P,hardened,24,815,
blake2b,Hash,F,func,24,784,
blake2b,Hash,X,fine,24,809,
blake2b,Hash,A,baseline,25,691,
blake2b,Hash,C,baseline,25,687,
blake2b,Hash,P,hardened,25,810,
blake2b,Hash,F,func,25,791,
blake2b,Hash,X,fine,25,809,
blake2b,Hash,N,narrow,25,809,
hmac_sha256,MAC,A,baseline,1,2182,
hmac_sha256,Verify,A,baseline,1,2216,
hmac_sha256,MAC,C,baseline,1,2209,
hmac_sha256,Verify,C,baseline,1,2257,
hmac_sha256,MAC,P,hardened,1,2576,
hmac_sha256,Verify,P,hardened,1,2674,
hmac_sha256,MAC,F,func,1,2504,
hmac_sha256,Verify,F,func,1,2605,
hmac_sha256,MAC,X,fine,1,2609,
hmac_sha256,Verify,X,fine,1,2702,
hmac_sha256,MAC,N,narrow,1,2608,
hmac_sha256,Verify,N,narrow,1,2688,
hmac_sha256,MAC,C,baseline,2,2211,
hmac_sha256,Verify,C,baseline,2,2261,
hmac_sha256,MAC,P,hardened,2,2621,
hmac_sha256,Verify,P,hardened,2,2719,
hmac_sha256,MAC,F,func,2,2509,
hmac_sha256,Verify,F,func,2,2608,
hmac_sha256,MAC,X,fine,2,2588,
hmac_sha256,Verify,X,fine,2,2680,
hmac_sha256,MAC,N,narrow,2,2607,
hmac_sha256,Verify,N,narrow,2,2694,
hmac_sha256,MAC,A,baseline,2,2218,
hmac_sha256,Verify,A,baseline,2,2260,
hmac_sha256,MAC,P,hardened,3,2620,
hmac_sha256,Verify,P,hardened,3,2699,
hmac_sha256,MAC,F,func,3,2526,
hmac_sha256,Verify,F,func,3,2615,
hmac_sha256,MAC,X,fine,3,2595,
hmac_sha256,Verify,X,fine,3,2678,
hmac_sha256,MAC,N,narrow,3,2653,
hmac_sha256,Verify,N,narrow,3,2738,
hmac_sha256,MAC,A,baseline,3,2208,
hmac_sha256,Verify,A,baseline,3,2238,
hmac_sha256,MAC,C,baseline,3,2230,
hmac_sha256,Verify,C,baseline,3,2270,
hmac_sha256,MAC,F,func,4,2531,
hmac_sha256,Verify,F,func,4,2611,
hmac_sha256,MAC,X,fine,4,2600,
hmac_sha256,Verify,X,fine,4,2686,
hmac_sha256,MAC,N,narrow,4,2604,
hmac_sha256,Verify,N,narrow,4,2690,
hmac_sha256,MAC,A,baseline,4,2217,
hmac_sha256,Verify,A,baseline,4,2241,
hmac_sha256,MAC,C,baseline,4,2214,
hmac_sha256,Verify,C,baseline,4,2261,
hmac_sha256,MAC,P,hardened,4,2616,
hmac_sha256,Verify,P,hardened,4,2694,
hmac_sha256,MAC,X,fine,5,2652,
hmac_sha256,Verify,X,fine,5,2755,
hmac_sha256,MAC,N,narrow,5,2613,
hmac_sha256,Verify,N,narrow,5,2701,
hmac_sha256,MAC,A,baseline,5,2213,
hmac_sha256,Verify,A,baseline,5,2245,
hmac_sha256,MAC,C,baseline,5,2194,
hmac_sha256,Verify,C,baseline,5,2258,
hmac_sha256,MAC,P,hardened,5,2622,
hmac_sha256,Verify,P,hardened,5,2722,
hmac_sha256,MAC,F,func,5,2558,
hmac_sha256,Verify,F,func,5,2651,
hmac_sha256,MAC,N,narrow,6,2633,
hmac_sha256,Verify,N,narrow,6,2721,
hmac_sha256,MAC,A,baseline,6,2204,
hmac_sha256,Verify,A,baseline,6,2234,
hmac_sha256,MAC,C,baseline,6,2211,
hmac_sha256,Verify,C,baseline,6,2248,
hmac_sha256,MAC,P,hardened,6,2583,
hmac_sha256,Verify,P,hardened,6,2674,
hmac_sha256,MAC,F,func,6,2510,
hmac_sha256,Verify,F,func,6,2608,
hmac_sha256,MAC,X,fine,6,2609,
hmac_sha256,Verify,X,fine,6,2695,
hmac_sha256,MAC,A,baseline,7,2217,
hmac_sha256,Verify,A,baseline,7,2236,
hmac_sha256,MAC,C,baseline,7,2216,
hmac_sha256,Verify,C,baseline,7,2273,
hmac_sha256,MAC,P,hardened,7,2596,
hmac_sha256,Verify,P,hardened,7,2679,
hmac_sha256,MAC,F,func,7,2534,
hmac_sha256,Verify,F,func,7,2625,
hmac_sha256,MAC,X,fine,7,2600,
hmac_sha256,Verify,X,fine,7,2684,
hmac_sha256,MAC,N,narrow,7,2577,
hmac_sha256,Verify,N,narrow,7,2680,
hmac_sha256,MAC,C,baseline,8,2215,
hmac_sha256,Verify,C,baseline,8,2255,
hmac_sha256,MAC,P,hardened,8,2616,
hmac_sha256,Verify,P,hardened,8,2702,
hmac_sha256,MAC,F,func,8,2547,
hmac_sha256,Verify,F,func,8,2637,
hmac_sha256,MAC,X,fine,8,2583,
hmac_sha256,Verify,X,fine,8,2685,
hmac_sha256,MAC,N,narrow,8,2610,
hmac_sha256,Verify,N,narrow,8,2682,
hmac_sha256,MAC,A,baseline,8,2181,
hmac_sha256,Verify,A,baseline,8,2215,
hmac_sha256,MAC,P,hardened,9,2605,
hmac_sha256,Verify,P,hardened,9,2689,
hmac_sha256,MAC,F,func,9,2558,
hmac_sha256,Verify,F,func,9,2662,
hmac_sha256,MAC,X,fine,9,2571,
hmac_sha256,Verify,X,fine,9,2678,
hmac_sha256,MAC,N,narrow,9,2605,
hmac_sha256,Verify,N,narrow,9,2700,
hmac_sha256,MAC,A,baseline,9,2198,
hmac_sha256,Verify,A,baseline,9,2233,
hmac_sha256,MAC,C,baseline,9,2204,
hmac_sha256,Verify,C,baseline,9,2249,
hmac_sha256,MAC,F,func,10,2511,
hmac_sha256,Verify,F,func,10,2600,
hmac_sha256,MAC,X,fine,10,2599,
hmac_sha256,Verify,X,fine,10,2688,
hmac_sha256,MAC,N,narrow,10,2609,
hmac_sha256,Verify,N,narrow,10,2695,
hmac_sha256,MAC,A,baseline,10,2222,
hmac_sha256,Verify,A,baseline,10,2251,
hmac_sha256,MAC,C,baseline,10,2246,
hmac_sha256,Verify,C,baseline,10,2318,
hmac_sha256,MAC,P,hardened,10,2616,
hmac_sha256,Verify,P,hardened,10,2687,
hmac_sha256,MAC,X,fine,11,2596,
hmac_sha256,Verify,X,fine,11,2681,
hmac_sha256,MAC,N,narrow,11,2583,
hmac_sha256,Verify,N,narrow,11,2667,
hmac_sha256,MAC,A,baseline,11,2187,
hmac_sha256,Verify,A,baseline,11,2223,
hmac_sha256,MAC,C,baseline,11,2236,
hmac_sha256,Verify,C,baseline,11,2292,
hmac_sha256,MAC,P,hardened,11,2595,
hmac_sha256,Verify,P,hardened,11,2686,
hmac_sha256,MAC,F,func,11,2536,
hmac_sha256,Verify,F,func,11,2633,
hmac_sha256,MAC,N,narrow,12,2603,
hmac_sha256,Verify,N,narrow,12,2696,
hmac_sha256,MAC,A,baseline,12,2191,
hmac_sha256,Verify,A,baseline,12,2222,
hmac_sha256,MAC,C,baseline,12,2204,
hmac_sha256,Verify,C,baseline,12,2245,
hmac_sha256,MAC,P,hardened,12,2594,
hmac_sha256,Verify,P,hardened,12,2672,
hmac_sha256,MAC,F,func,12,2514,
hmac_sha256,Verify,F,func,12,2618,
hmac_sha256,MAC,X,fine,12,2600,
hmac_sha256,Verify,X,fine,12,2687,
hmac_sha256,MAC,A,baseline,13,2208,
hmac_sha256,Verify,A,baseline,13,2241,
hmac_sha256,MAC,C,baseline,13,2215,
hmac_sha256,Verify,C,baseline,13,2264,
hmac_sha256,MAC,P,hardened,13,2623,
hmac_sha256,Verify,P,hardened,13,2705,
hmac_sha256,MAC,F,func,13,2521,
hmac_sha256,Verify,F,func,13,2614,
hmac_sha256,MAC,X,fine,13,2616,
hmac_sha256,Verify,X,fine,13,2727,
hmac_sha256,MAC,N,narrow,13,2610,
hmac_sha256,Verify,N,narrow,13,2702,
hmac_sha256,MAC,C,baseline,14,2217,
hmac_sha256,Verify,C,baseline,14,2258,
hmac_sha256,MAC,P,hardened,14,2645,
hmac_sha256,Verify,P,hardened,14,2728,
hmac_sha256,MAC,F,func,14,2522,
hmac_sha256,Verify,F,func,14,2622,
hmac_sha256,MAC,X,fine,14,2631,
hmac_sha256,Verify,X,fine,14,2721,
hmac_sha256,MAC,N,narrow,14,2598,
hmac_sha256,Verify,N,narrow,14,2690,
hmac_sha256,MAC,A,baseline,14,2209,
hmac_sha256,Verify,A,baseline,14,2252,
hmac_sha256,MAC,P,hardened,15,2616,
hmac_sha256,Verify,P,hardened,15,2693,
hmac_sha256,MAC,F,func,15,2525,
hmac_sha256,Verify,F,func,15,2593,
hmac_sha256,MAC,X,fine,15,2618,
hmac_sha256,Verify,X,fine,15,2708,
hmac_sha256,MAC,N,narrow,15,2614,
hmac_sha256,Verify,N,narrow,15,2701,
hmac_sha256,MAC,A,baseline,15,2204,
hmac_sha256,Verify,A,baseline,15,2223,
hmac_sha256,MAC,C,baseline,15,2227,
hmac_sha256,Verify,C,baseline,15,2262,
hmac_sha256,MAC,F,func,16,2529,
hmac_sha256,Verify,F,func,16,2614,
hmac_sha256,MAC,X,fine,16,2658,
hmac_sha256,Verify,X,fine,16,2752,
hmac_sha256,MAC,N,narrow,16,2588,
hmac_sha256,Verify,N,narrow,16,2666,
hmac_sha256,MAC,A,baseline,16,2206,
hmac_sha256,Verify,A,baseline,16,2239,
hmac_sha256,MAC,C,baseline,16,2216,
hmac_sha256,Verify,C,baseline,16,2271,
hmac_sha256,MAC,P,hardened,16,2612,
hmac_sha256,Verify,P,hardened,16,2701,
hmac_sha256,MAC,X,fine,17,2597,
hmac_sha256,Verify,X,fine,17,2687,
hmac_sha256,MAC,N,narrow,17,2647,
hmac_sha256,Verify,N,narrow,17,2727,
hmac_sha256,MAC,A,baseline,17,2174,
hmac_sha256,Verify,A,baseline,17,2208,
hmac_sha256,MAC,C,baseline,17,2226,
hmac_sha256,Verify,C,baseline,17,2292,
hmac_sha256,MAC,P,hardened,17,2634,
hmac_sha256,Verify,P,hardened,17,2720,
hmac_sha256,MAC,F,func,17,2539,
hmac_sha256,Verify,F,func,17,2641,
hmac_sha256,MAC,N,narrow,18,2633,
hmac_sha256,Verify,N,narrow,18,2711,
hmac_sha256,MAC,A,baseline,18,2193,
hmac_sha256,Verify,A,baseline,18,2238,
hmac_sha256,MAC,C,baseline,18,2219,
hmac_sha256,Verify,C,baseline,18,2270,
hmac_sha256,MAC,P,hardened,18,2595,
hmac_sha256,Verify,P,hardened,18,2677,
hmac_sha256,MAC,F,func,18,2556,
hmac_sha256,Verify,F,func,18,2629,
hmac_sha256,MAC,X,fine,18,2640,
hmac_sha256,Verify,X,fine,18,2726,
hmac_sha256,MAC,A,baseline,19,2194,
hmac_sha256,Verify,A,baseline,19,2220,
hmac_sha256,MAC,C,baseline,19,2238,
hmac_sha256,Verify,C,baseline,19,2284,
hmac_sha256,MAC,P,hardened,19,2624,
hmac_sha256,Verify,P,hardened,19,2714,
hmac_sha256,MAC,F,func,19,2515,
hmac_sha256,Verify,F,func,19,2609,
hmac_sha256,MAC,X,fine,19,2606,
hmac_sha256,Verify,X,fine,19,2692,
hmac_sha256,MAC,N,narrow,19,2616,
hmac_sha256,Verify,N,narrow,19,2697,
hmac_sha256,MAC,C,baseline,20,2238,
hmac_sha256,Verify,C,baseline,20,2273,
hmac_sha256,MAC,P,hardened,20,2606,
hmac_sha256,Verify,P,hardened,20,2680,
hmac_sha256,MAC,F,func,20,2535,
hmac_sha256,Verify,F,func,20,2623,
hmac_sha256,MAC,X,fine,20,2589,
hmac_sha256,Verify,X,fine,20,2688,
hmac_sha256,MAC,N,narrow,20,2600,
hmac_sha256,Verify,N,narrow,20,2678,
hmac_sha256,MAC,A,baseline,20,2176,
hmac_sha256,Verify,A,baseline,20,2206,
hmac_sha256,MAC,P,hardened,21,2607,
hmac_sha256,Verify,P,hardened,21,2700,
hmac_sha256,MAC,F,func,21,2523,
hmac_sha256,Verify,F,func,21,2610,
hmac_sha256,MAC,X,fine,21,2623,
hmac_sha256,Verify,X,fine,21,2717,
hmac_sha256,MAC,N,narrow,21,2589,
hmac_sha256,Verify,N,narrow,21,2681,
hmac_sha256,MAC,A,baseline,21,2194,
hmac_sha256,Verify,A,baseline,21,2215,
hmac_sha256,MAC,C,baseline,21,2239,
hmac_sha256,Verify,C,baseline,21,2289,
hmac_sha256,MAC,F,func,22,2530,
hmac_sha256,Verify,F,func,22,2619,
hmac_sha256,MAC,X,fine,22,2635,
hmac_sha256,Verify,X,fine,22,2730,
hmac_sha256,MAC,N,narrow,22,2603,
hmac_sha256,Verify,N,narrow,22,2692,
hmac_sha256,MAC,A,baseline,22,2196,
hmac_sha256,Verify,A,baseline,22,2226,
hmac_sha256,MAC,C,baseline,22,2242,
hmac_sha256,Verify,C,baseline,22,2291,
hmac_sha256,MAC,P,hardened,22,2626,
hmac_sha256,Verify,P,hardened,22,2712,
hmac_sha256,MAC,X,fine,23,2627,
hmac_sha256,Verify,X,fine,23,2720,
hmac_sha256,MAC,N,narrow,23,2642,
hmac_sha256,Verify,N,narrow,23,2722,
hmac_sha256,MAC,A,baseline,23,2189,
hmac_sha256,Verify,A,baseline,23,2220,
hmac_sha256,MAC,C,baseline,23,2207,
hmac_sha256,Verify,C,baseline,23,2257,
hmac_sha256,MAC,P,hardened,23,2584,
hmac_sha256,Verify,P,hardened,23,2669,
hmac_sha256,MAC,F,func,23,2551,
hmac_sha256,Verify,F,func,23,2637,
hmac_sha256,MAC,N,narrow,24,2675,
hmac_sha256,Verify,N,narrow,24,2752,
hmac_sha256,MAC,A,baseline,24,2191,
hmac_sha256,Verify,A,baseline,24,2226,
hmac_sha256,MAC,C,baseline,24,2214,
hmac_sha256,Verify,C,baseline,24,2265,
hmac_sha256,MAC,P,hardened,24,2585,
hmac_sha256,Verify,P,hardened,24,2673,
hmac_sha256,MAC,F,func,24,2534,
hmac_sha256,Verify,F,func,24,2636,
hmac_sha256,MAC,X,fine,24,2615,
hmac_sha256,Verify,X,fine,24,2705,
hmac_sha256,MAC,A,baseline,25,2191,
hmac_sha256,Verify,A,baseline,25,2222,
hmac_sha256,MAC,C,baseline,25,2223,
hmac_sha256,Verify,C,baseline,25,2265,
hmac_sha256,MAC,P,hardened,25,2610,
hmac_sha256,Verify,P,hardened,25,2690,
hmac_sha256,MAC,F,func,25,2518,
hmac_sha256,Verify,F,func,25,2618,
hmac_sha256,MAC,X,fine,25,2591,
hmac_sha256,Verify,X,fine,25,2682,
hmac_sha256,MAC,N,narrow,25,2599,
hmac_sha256,Verify,N,narrow,25,2684,
hmac_sha512,HMAC,A,baseline,1,1645,
hmac_sha512,HMAC,C,baseline,1,1649,
hmac_sha512,HMAC,P,hardened,1,2613,
hmac_sha512,HMAC,F,func,1,2522,
hmac_sha512,HMAC,X,fine,1,4667,
hmac_sha512,HMAC,N,narrow,1,2615,
hmac_sha512,HMAC,C,baseline,2,1660,
hmac_sha512,HMAC,P,hardened,2,2618,
hmac_sha512,HMAC,F,func,2,2527,
hmac_sha512,HMAC,X,fine,2,4673,
hmac_sha512,HMAC,N,narrow,2,2612,
hmac_sha512,HMAC,A,baseline,2,1649,
hmac_sha512,HMAC,P,hardened,3,2612,
hmac_sha512,HMAC,F,func,3,2519,
hmac_sha512,HMAC,X,fine,3,4657,
hmac_sha512,HMAC,N,narrow,3,2612,
hmac_sha512,HMAC,A,baseline,3,1652,
hmac_sha512,HMAC,C,baseline,3,1650,
hmac_sha512,HMAC,F,func,4,2512,
hmac_sha512,HMAC,X,fine,4,4648,
hmac_sha512,HMAC,N,narrow,4,2611,
hmac_sha512,HMAC,A,baseline,4,1654,
hmac_sha512,HMAC,C,baseline,4,1662,
hmac_sha512,HMAC,P,hardened,4,2612,
hmac_sha512,HMAC,X,fine,5,4649,
hmac_sha512,HMAC,N,narrow,5,2614,
hmac_sha512,HMAC,A,baseline,5,1645,
hmac_sha512,HMAC,C,baseline,5,1680,
hmac_sha512,HMAC,P,hardened,5,2626,
hmac_sha512,HMAC,F,func,5,2509,
hmac_sha512,HMAC,N,narrow,6,2611,
hmac_sha512,HMAC,A,baseline,6,1692,
hmac_sha512,HMAC,C,baseline,6,1638,
hmac_sha512,HMAC,P,hardened,6,2617,
hmac_sha512,HMAC,F,func,6,2510,
hmac_sha512,HMAC,X,fine,6,4651,
hmac_sha512,HMAC,A,baseline,7,1637,
hmac_sha512,HMAC,C,baseline,7,1658,
hmac_sha512,HMAC,P,hardened,7,2614,
hmac_sha512,HMAC,F,func,7,2511,
hmac_sha512,HMAC,X,fine,7,4674,
hmac_sha512,HMAC,N,narrow,7,2613,
hmac_sha512,HMAC,C,baseline,8,1639,
hmac_sha512,HMAC,P,hardened,8,2622,
hmac_sha512,HMAC,F,func,8,2511,
hmac_sha512,HMAC,X,fine,8,4654,
hmac_sha512,HMAC,N,narrow,8,2612,
hmac_sha512,HMAC,A,baseline,8,1640,
hmac_sha512,HMAC,P,hardened,9,2617,
hmac_sha512,HMAC,F,func,9,2512,
hmac_sha512,HMAC,X,fine,9,4670,
hmac_sha512,HMAC,N,narrow,9,2610,
hmac_sha512,HMAC,A,baseline,9,1627,
hmac_sha512,HMAC,C,baseline,9,1639,
hmac_sha512,HMAC,F,func,10,2509,
hmac_sha512,HMAC,X,fine,10,4653,
hmac_sha512,HMAC,N,narrow,10,2619,
hmac_sha512,HMAC,A,baseline,10,1635,
hmac_sha512,HMAC,C,baseline,10,1653,
hmac_sha512,HMAC,P,hardened,10,2612,
hmac_sha512,HMAC,X,fine,11,4647,
hmac_sha512,HMAC,N,narrow,11,2610,
hmac_sha512,HMAC,A,baseline,11,1640,
hmac_sha512,HMAC,C,baseline,11,1639,
hmac_sha512,HMAC,P,hardened,11,2627,
hmac_sha512,HMAC,F,func,11,2509,
hmac_sha512,HMAC,N,narrow,12,2612,
hmac_sha512,HMAC,A,baseline,12,1631,
hmac_sha512,HMAC,C,baseline,12,1653,
hmac_sha512,HMAC,P,hardened,12,2623,
hmac_sha512,HMAC,F,func,12,2511,
hmac_sha512,HMAC,X,fine,12,4650,
hmac_sha512,HMAC,A,baseline,13,1655,
hmac_sha512,HMAC,C,baseline,13,1660,
hmac_sha512,HMAC,P,hardened,13,2640,
hmac_sha512,HMAC,F,func,13,2532,
hmac_sha512,HMAC,X,fine,13,4653,
hmac_sha512,HMAC,N,narrow,13,2621,
hmac_sha512,HMAC,C,baseline,14,1665,
hmac_sha512,HMAC,P,hardened,14,2612,
hmac_sha512,HMAC,F,func,14,2511,
hmac_sha512,HMAC,X,fine,14,4651,
hmac_sha512,HMAC,N,narrow,14,2619,
hmac_sha512,HMAC,A,baseline,14,1636,
hmac_sha512,HMAC,P,hardened,15,2615,
hmac_sha512,HMAC,F,func,15,2512,
hmac_sha512,HMAC,X,fine,15,4662,
hmac_sha512,HMAC,N,narrow,15,2613,
hmac_sha512,HMAC,A,baseline,15,1654,
hmac_sha512,HMAC,C,baseline,15,1639,
hmac_sha512,HMAC,F,func,16,2512,
hmac_sha512,HMAC,X,fine,16,4660,
hmac_sha512,HMAC,N,narrow,16,2613,
hmac_sha512,HMAC,A,baseline,16,1634,
hmac_sha512,HMAC,C,baseline,16,1655,
hmac_sha512,HMAC,P,hardened,16,2637,
hmac_sha512,HMAC,X,fine,17,4652,
hmac_sha512,HMAC,N,narrow,17,2636,
hmac_sha512,HMAC,A,baseline,17,1629,
hmac_sha512,HMAC,C,baseline,17,1683,
hmac_sha512,HMAC,P,hardened,17,2621,
hmac_sha512,HMAC,F,func,17,2513,
hmac_sha512,HMAC,N,narrow,18,2612,
hmac_sha512,HMAC,A,baseline,18,1633,
hmac_sha512,HMAC,C,baseline,18,1641,
hmac_sha512,HMAC,P,hardened,18,2613,
hmac_sha512,HMAC,F,func,18,2534,
hmac_sha512,HMAC,X,fine,18,4671,
hmac_sha512,HMAC,A,baseline,19,1629,
hmac_sha512,HMAC,C,baseline,19,1632,
hmac_sha512,HMAC,P,hardened,19,2636,
hmac_sha512,HMAC,F,func,19,2523,
hmac_sha512,HMAC,X,fine,19,4653,
hmac_sha512,HMAC,N,narrow,19,2614,
hmac_sha512,HMAC,C,baseline,20,1650,
hmac_sha512,HMAC,P,hardened,20,2614,
hmac_sha512,HMAC,F,func,20,2523,
hmac_sha512,HMAC,X,fine,20,4647,
hmac_sha512,HMAC,N,narrow,20,2612,
hmac_sha512,HMAC,A,baseline,20,1633,
hmac_sha512,HMAC,P,hardened,21,2616,
hmac_sha512,HMAC,F,func,21,2523,
hmac_sha512,HMAC,X,fine,21,4651,
hmac_sha512,HMAC,N,narrow,21,2623,
hmac_sha512,HMAC,A,baseline,21,1629,
hmac_sha512,HMAC,C,baseline,21,1700,
hmac_sha512,HMAC,F,func,22,2512,
hmac_sha512,HMAC,X,fine,22,4644,
hmac_sha512,HMAC,N,narrow,22,2611,
hmac_sha512,HMAC,A,baseline,22,1668,
hmac_sha512,HMAC,C,baseline,22,1653,
hmac_sha512,HMAC,P,hardened,22,2612,
hmac_sha512,HMAC,X,fine,23,4652,
hmac_sha512,HMAC,N,narrow,23,2640,
hmac_sha512,HMAC,A,baseline,23,1636,
hmac_sha512,HMAC,C,baseline,23,1691,
hmac_sha512,HMAC,P,hardened,23,2619,
hmac_sha512,HMAC,F,func,23,2509,
hmac_sha512,HMAC,N,narrow,24,2641,
hmac_sha512,HMAC,A,baseline,24,1635,
hmac_sha512,HMAC,C,baseline,24,1632,
hmac_sha512,HMAC,P,hardened,24,2652,
hmac_sha512,HMAC,F,func,24,2512,
hmac_sha512,HMAC,X,fine,24,4677,
hmac_sha512,HMAC,A,baseline,25,1622,
hmac_sha512,HMAC,C,baseline,25,1643,
hmac_sha512,HMAC,P,hardened,25,2615,
hmac_sha512,HMAC,F,func,25,2531,
hmac_sha512,HMAC,X,fine,25,4650,
hmac_sha512,HMAC,N,narrow,25,2613,
